date,parc_code,prod_mwh,vent_mps,etat
2025-01-01,EOL_NORMANDIE,5.0,1.2,Running
2025-01-01,EOL_BRETAGNE,5.7,0.6,Brake
2025-01-01,EOL_PICARDIE,11.94,1.2,Running
2025-01-01,EOL_PAYS_LOIRE,7.46,1.2,Running
2025-01-01,EOL_CENTRE,7.17,0.5,Running
2025-01-02,EOL_NORMANDIE,4.93,1.1,Running
2025-01-02,EOL_BRETAGNE,13.02,1.2,Brake
2025-01-02,EOL_PICARDIE,7.06,0.7,Running
2025-01-02,EOL_PAYS_LOIRE,12.91,0.5,Fault
2025-01-02,EOL_CENTRE,8.75,0.9,Running
2025-01-03,EOL_NORMANDIE,11.39,1.6,Fault
2025-01-03,EOL_BRETAGNE,7.65,1.0,Running
2025-01-03,EOL_PICARDIE,9.68,0.4,Running
2025-01-03,EOL_PAYS_LOIRE,11.53,1.1,Running
2025-01-03,EOL_CENTRE,6.5,0.7,Running
2025-01-04,EOL_NORMANDIE,11.96,0.9,Running
2025-01-04,EOL_BRETAGNE,5.19,1.2,Running
2025-01-04,EOL_PICARDIE,14.39,0.9,Running
2025-01-04,EOL_PAYS_LOIRE,8.33,1.3,Fault
2025-01-04,EOL_CENTRE,6.04,1.1,Running
2025-01-05,EOL_NORMANDIE,10.52,1.0,Maintenance
2025-01-05,EOL_BRETAGNE,8.9,0.4,Fault
2025-01-05,EOL_PICARDIE,3.84,1.3,Brake
2025-01-05,EOL_PAYS_LOIRE,6.78,1.7,Running
2025-01-05,EOL_CENTRE,5.29,0.4,Running
2025-01-06,EOL_NORMANDIE,5.47,0.8,Running
2025-01-06,EOL_BRETAGNE,5.39,0.5,Running
2025-01-06,EOL_PICARDIE,9.51,1.2,Running
2025-01-06,EOL_PAYS_LOIRE,10.82,1.1,Maintenance
2025-01-06,EOL_CENTRE,5.84,0.4,Running
2025-01-07,EOL_NORMANDIE,3.44,1.4,Running
2025-01-07,EOL_BRETAGNE,2.74,0.4,Duplicate
2025-01-07,EOL_PICARDIE,15.66,1.3,Running
2025-01-07,EOL_PAYS_LOIRE,8.36,0.8,Running
2025-01-07,EOL_CENTRE,10.55,0.6,Running
2025-01-08,EOL_NORMANDIE,7.32,0.4,Running
2025-01-08,EOL_BRETAGNE,3.14,0.4,Running
2025-01-08,EOL_PICARDIE,9.17,1.0,Running
2025-01-08,EOL_PAYS_LOIRE,13.81,0.9,Brake
2025-01-08,EOL_CENTRE,6.17,0.4,Running
2025-01-09,EOL_NORMANDIE,2.99,0.3,Running
2025-01-09,EOL_BRETAGNE,4.92,0.3,Running
2025-01-09,EOL_PICARDIE,10.74,1.2,Running
2025-01-09,EOL_PAYS_LOIRE,8.88,1.1,Running
2025-01-09,EOL_CENTRE,11.98,0.2,Running
2025-01-10,EOL_NORMANDIE,7.91,0.9,Running
2025-01-10,EOL_BRETAGNE,10.08,0.3,Running
2025-01-10,EOL_PICARDIE,6.71,1.5,Running
2025-01-10,EOL_PAYS_LOIRE,5.07,1.5,Running
2025-01-10,EOL_CENTRE,10.09,1.1,Running
2025-01-11,EOL_NORMANDIE,10.81,1.6,Running
2025-01-11,EOL_BRETAGNE,6.23,1.3,Running
2025-01-11,EOL_PICARDIE,13.34,1.3,Running
2025-01-11,EOL_PAYS_LOIRE,13.48,0.9,Maintenance
2025-01-11,EOL_CENTRE,5.41,0.6,Running
2025-01-12,EOL_NORMANDIE,5.5,0.5,Running
2025-01-12,EOL_BRETAGNE,5.6,0.6,Running
2025-01-12,EOL_PICARDIE,7.52,1.0,Running
2025-01-12,EOL_PAYS_LOIRE,6.83,0.4,Running
2025-01-12,EOL_CENTRE,4.63,0.5,Running
2025-01-13,EOL_NORMANDIE,5.67,0.8,Running
2025-01-13,EOL_BRETAGNE,3.16,0.5,Running
2025-01-13,EOL_PICARDIE,3.4,0.9,Running
2025-01-13,EOL_PAYS_LOIRE,4.28,1.6,Maintenance
2025-01-13,EOL_CENTRE,15.32,1.2,Running
2025-01-14,EOL_NORMANDIE,14.61,1.0,Running
2025-01-14,EOL_BRETAGNE,10.3,0.9,Duplicate
2025-01-14,EOL_PICARDIE,6.25,0.8,Brake
2025-01-14,EOL_PAYS_LOIRE,4.25,0.5,Running
2025-01-14,EOL_CENTRE,7.85,1.5,Running
2025-01-15,EOL_NORMANDIE,9.26,0.5,Running
2025-01-15,EOL_BRETAGNE,5.87,0.3,Fault
2025-01-15,EOL_PICARDIE,9.08,1.2,Running
2025-01-15,EOL_PAYS_LOIRE,4.9,0.4,Maintenance
2025-01-15,EOL_CENTRE,6.3,0.7,Running
2025-01-16,EOL_NORMANDIE,7.15,0.2,Running
2025-01-16,EOL_BRETAGNE,14.78,0.4,Duplicate
2025-01-16,EOL_PICARDIE,5.63,0.4,Running
2025-01-16,EOL_PAYS_LOIRE,17.48,0.2,Running
2025-01-16,EOL_CENTRE,9.24,1.0,Running
2025-01-17,EOL_NORMANDIE,17.93,1.3,Running
2025-01-17,EOL_BRETAGNE,5.3,0.7,Running
2025-01-17,EOL_PICARDIE,5.02,1.4,Running
2025-01-17,EOL_PAYS_LOIRE,5.86,0.5,Running
2025-01-17,EOL_CENTRE,7.95,0.6,Running
2025-01-18,EOL_NORMANDIE,14.0,0.4,Running
2025-01-18,EOL_BRETAGNE,6.2,1.0,Duplicate
2025-01-18,EOL_PICARDIE,10.84,0.7,Running
2025-01-18,EOL_PAYS_LOIRE,15.06,1.0,Running
2025-01-18,EOL_CENTRE,8.66,1.2,Running
2025-01-19,EOL_NORMANDIE,11.57,0.9,Running
2025-01-19,EOL_BRETAGNE,5.74,1.0,Duplicate
2025-01-19,EOL_PICARDIE,9.15,1.7,Maintenance
2025-01-19,EOL_PAYS_LOIRE,10.01,0.6,Running
2025-01-19,EOL_CENTRE,4.54,0.7,Running
2025-01-20,EOL_NORMANDIE,5.52,1.1,Maintenance
2025-01-20,EOL_BRETAGNE,7.03,1.0,Fault
2025-01-20,EOL_PICARDIE,4.0,0.4,Duplicate
2025-01-20,EOL_PAYS_LOIRE,5.93,0.7,Running
2025-01-20,EOL_CENTRE,7.34,0.8,Duplicate
2025-01-21,EOL_NORMANDIE,4.29,0.7,Running
2025-01-21,EOL_BRETAGNE,14.49,0.4,Running
2025-01-21,EOL_PICARDIE,11.25,1.6,Running
2025-01-21,EOL_PAYS_LOIRE,23.51,1.2,Running
2025-01-21,EOL_CENTRE,4.76,0.8,Running
2025-01-22,EOL_NORMANDIE,9.28,1.1,Maintenance
2025-01-22,EOL_BRETAGNE,5.95,1.5,Running
2025-01-22,EOL_PICARDIE,5.01,0.4,Running
2025-01-22,EOL_PAYS_LOIRE,11.01,0.5,Running
2025-01-22,EOL_CENTRE,8.05,0.9,Running
2025-01-23,EOL_NORMANDIE,6.85,1.3,Running
2025-01-23,EOL_BRETAGNE,8.76,0.2,Maintenance
2025-01-23,EOL_PICARDIE,5.61,2.0,Running
2025-01-23,EOL_PAYS_LOIRE,5.54,0.8,Running
2025-01-23,EOL_CENTRE,6.03,0.7,Running
2025-01-24,EOL_NORMANDIE,11.83,0.6,Brake
2025-01-24,EOL_BRETAGNE,11.47,0.4,Running
2025-01-24,EOL_PICARDIE,4.67,1.3,Running
2025-01-24,EOL_PAYS_LOIRE,14.25,1.8,Running
2025-01-24,EOL_CENTRE,7.79,0.7,Running
2025-01-25,EOL_NORMANDIE,9.23,1.7,Brake
2025-01-25,EOL_BRETAGNE,5.95,1.3,Running
2025-01-25,EOL_PICARDIE,7.95,0.8,Running
2025-01-25,EOL_PAYS_LOIRE,5.0,1.1,Brake
2025-01-25,EOL_CENTRE,5.8,0.8,Running
2025-01-26,EOL_NORMANDIE,10.67,0.9,Running
2025-01-26,EOL_BRETAGNE,10.77,0.2,Running
2025-01-26,EOL_PICARDIE,9.38,1.1,Running
2025-01-26,EOL_PAYS_LOIRE,6.68,0.2,Running
2025-01-26,EOL_CENTRE,4.64,1.3,Running
2025-01-27,EOL_NORMANDIE,12.36,1.3,Brake
2025-01-27,EOL_BRETAGNE,11.06,0.5,Running
2025-01-27,EOL_PICARDIE,3.61,0.6,Running
2025-01-27,EOL_PAYS_LOIRE,10.83,0.8,Running
2025-01-27,EOL_CENTRE,6.85,1.0,Running
2025-01-28,EOL_NORMANDIE,10.14,0.6,Running
2025-01-28,EOL_BRETAGNE,4.31,0.9,Running
2025-01-28,EOL_PICARDIE,6.07,0.6,Running
2025-01-28,EOL_PAYS_LOIRE,8.16,0.2,Running
2025-01-28,EOL_CENTRE,14.49,0.1,Running
2025-01-29,EOL_NORMANDIE,18.63,0.3,Running
2025-01-29,EOL_BRETAGNE,8.17,1.3,Running
2025-01-29,EOL_PICARDIE,11.65,1.8,Running
2025-01-29,EOL_PAYS_LOIRE,8.59,0.7,Running
2025-01-29,EOL_CENTRE,8.47,0.8,Maintenance
2025-01-30,EOL_NORMANDIE,9.57,0.4,Running
2025-01-30,EOL_BRETAGNE,7.71,0.9,Brake
2025-01-30,EOL_PICARDIE,10.58,0.4,Running
2025-01-30,EOL_PAYS_LOIRE,5.14,1.0,Maintenance
2025-01-30,EOL_CENTRE,7.73,1.6,Running
2025-01-31,EOL_NORMANDIE,14.96,0.5,Running
2025-01-31,EOL_BRETAGNE,11.83,1.2,Running
2025-01-31,EOL_PICARDIE,8.87,0.2,Running
2025-01-31,EOL_PAYS_LOIRE,11.22,0.7,Running
2025-01-31,EOL_CENTRE,13.43,0.3,Running
2025-02-01,EOL_NORMANDIE,3.42,0.7,Maintenance
2025-02-01,EOL_BRETAGNE,7.1,0.4,Running
2025-02-01,EOL_PICARDIE,6.07,0.7,Running
2025-02-01,EOL_PAYS_LOIRE,4.43,0.7,Running
2025-02-01,EOL_CENTRE,15.78,0.6,Duplicate
2025-02-02,EOL_NORMANDIE,9.74,1.0,Maintenance
2025-02-02,EOL_BRETAGNE,11.07,1.6,Maintenance
2025-02-02,EOL_PICARDIE,6.17,0.7,Running
2025-02-02,EOL_PAYS_LOIRE,7.04,0.5,Running
2025-02-02,EOL_CENTRE,7.87,0.6,Running
2025-02-03,EOL_NORMANDIE,9.12,1.4,Running
2025-02-03,EOL_BRETAGNE,10.43,0.9,Running
2025-02-03,EOL_PICARDIE,3.72,0.8,Running
2025-02-03,EOL_PAYS_LOIRE,10.18,0.4,Running
2025-02-03,EOL_CENTRE,7.21,0.8,Running
2025-02-04,EOL_NORMANDIE,13.63,0.6,Running
2025-02-04,EOL_BRETAGNE,12.58,1.7,Brake
2025-02-04,EOL_PICARDIE,8.77,1.5,Running
2025-02-04,EOL_PAYS_LOIRE,7.98,0.3,Maintenance
2025-02-04,EOL_CENTRE,7.01,0.9,Running
2025-02-05,EOL_NORMANDIE,9.14,0.5,Running
2025-02-05,EOL_BRETAGNE,12.33,0.7,Running
2025-02-05,EOL_PICARDIE,8.05,1.4,Running
2025-02-05,EOL_PAYS_LOIRE,6.35,0.9,Running
2025-02-05,EOL_CENTRE,7.98,0.6,Brake
2025-02-06,EOL_NORMANDIE,8.83,0.5,Running
2025-02-06,EOL_BRETAGNE,5.01,1.3,Running
2025-02-06,EOL_PICARDIE,4.51,1.0,Running
2025-02-06,EOL_PAYS_LOIRE,6.42,0.8,Running
2025-02-06,EOL_CENTRE,13.62,0.5,Maintenance
2025-02-07,EOL_NORMANDIE,12.06,0.6,Running
2025-02-07,EOL_BRETAGNE,4.1,1.8,Running
2025-02-07,EOL_PICARDIE,5.44,0.9,Running
2025-02-07,EOL_PAYS_LOIRE,10.36,0.7,Fault
2025-02-07,EOL_CENTRE,6.73,0.9,Running
2025-02-08,EOL_NORMANDIE,9.32,1.2,Maintenance
2025-02-08,EOL_BRETAGNE,4.2,0.6,Running
2025-02-08,EOL_PICARDIE,7.92,0.4,Maintenance
2025-02-08,EOL_PAYS_LOIRE,7.61,0.9,Running
2025-02-08,EOL_CENTRE,11.09,1.0,Running
2025-02-09,EOL_NORMANDIE,9.12,1.1,Running
2025-02-09,EOL_BRETAGNE,8.31,1.5,Running
2025-02-09,EOL_PICARDIE,3.81,0.7,Running
2025-02-09,EOL_PAYS_LOIRE,15.15,0.3,Running
2025-02-09,EOL_CENTRE,10.08,1.8,Running
2025-02-10,EOL_NORMANDIE,5.97,0.8,Duplicate
2025-02-10,EOL_BRETAGNE,8.23,1.0,Running
2025-02-10,EOL_PICARDIE,6.8,1.0,Running
2025-02-10,EOL_PAYS_LOIRE,7.29,0.9,Running
2025-02-10,EOL_CENTRE,11.99,0.5,Brake
2025-02-11,EOL_NORMANDIE,5.43,1.2,Running
2025-02-11,EOL_BRETAGNE,10.24,1.3,Running
2025-02-11,EOL_PICARDIE,12.18,0.9,Running
2025-02-11,EOL_PAYS_LOIRE,9.65,0.8,Running
2025-02-11,EOL_CENTRE,7.43,0.3,Running
2025-02-12,EOL_NORMANDIE,5.8,0.3,Running
2025-02-12,EOL_BRETAGNE,6.12,0.6,Running
2025-02-12,EOL_PICARDIE,8.3,0.6,Running
2025-02-12,EOL_PAYS_LOIRE,3.53,1.8,Running
2025-02-12,EOL_CENTRE,8.04,1.2,Running
2025-02-13,EOL_NORMANDIE,10.72,1.0,Running
2025-02-13,EOL_BRETAGNE,4.32,0.9,Fault
2025-02-13,EOL_PICARDIE,11.94,0.4,Brake
2025-02-13,EOL_PAYS_LOIRE,18.86,2.0,Running
2025-02-13,EOL_CENTRE,7.7,0.7,Running
2025-02-14,EOL_NORMANDIE,7.25,0.3,Running
2025-02-14,EOL_BRETAGNE,7.51,0.8,Running
2025-02-14,EOL_PICARDIE,8.19,1.4,Running
2025-02-14,EOL_PAYS_LOIRE,7.04,1.5,Running
2025-02-14,EOL_CENTRE,3.45,0.1,Brake
2025-02-15,EOL_NORMANDIE,7.45,1.5,Maintenance
2025-02-15,EOL_BRETAGNE,5.34,0.6,Running
2025-02-15,EOL_PICARDIE,8.37,0.2,Running
2025-02-15,EOL_PAYS_LOIRE,12.42,1.4,Fault
2025-02-15,EOL_CENTRE,5.41,1.4,Fault
2025-02-16,EOL_NORMANDIE,14.26,1.0,Fault
2025-02-16,EOL_BRETAGNE,6.86,0.9,Running
2025-02-16,EOL_PICARDIE,5.66,1.3,Running
2025-02-16,EOL_PAYS_LOIRE,10.09,1.2,Running
2025-02-16,EOL_CENTRE,6.56,1.5,Running
2025-02-17,EOL_NORMANDIE,7.75,0.9,Running
2025-02-17,EOL_BRETAGNE,7.95,1.9,Running
2025-02-17,EOL_PICARDIE,9.87,2.4,Brake
2025-02-17,EOL_PAYS_LOIRE,7.67,0.4,Brake
2025-02-17,EOL_CENTRE,7.35,1.4,Running
2025-02-18,EOL_NORMANDIE,6.79,0.8,Brake
2025-02-18,EOL_BRETAGNE,9.5,0.7,Running
2025-02-18,EOL_PICARDIE,6.43,1.0,Maintenance
2025-02-18,EOL_PAYS_LOIRE,12.58,0.2,Running
2025-02-18,EOL_CENTRE,7.98,0.8,Running
2025-02-19,EOL_NORMANDIE,3.9,1.4,Running
2025-02-19,EOL_BRETAGNE,8.83,0.5,Running
2025-02-19,EOL_PICARDIE,9.37,0.7,Running
2025-02-19,EOL_PAYS_LOIRE,12.63,1.7,Running
2025-02-19,EOL_CENTRE,5.9,0.7,Duplicate
2025-02-20,EOL_NORMANDIE,5.57,0.7,Running
2025-02-20,EOL_BRETAGNE,9.99,0.8,Running
2025-02-20,EOL_PICARDIE,11.85,0.9,Running
2025-02-20,EOL_PAYS_LOIRE,5.81,1.0,Running
2025-02-20,EOL_CENTRE,8.71,1.3,Running
2025-02-21,EOL_NORMANDIE,7.72,0.8,Running
2025-02-21,EOL_BRETAGNE,5.89,1.3,Running
2025-02-21,EOL_PICARDIE,7.55,0.9,Running
2025-02-21,EOL_PAYS_LOIRE,11.53,0.6,Running
2025-02-21,EOL_CENTRE,8.0,1.0,Running
2025-02-22,EOL_NORMANDIE,7.4,1.1,Running
2025-02-22,EOL_BRETAGNE,9.8,0.9,Brake
2025-02-22,EOL_PICARDIE,11.92,0.2,Running
2025-02-22,EOL_PAYS_LOIRE,5.37,0.4,Running
2025-02-22,EOL_CENTRE,8.85,0.6,Fault
2025-02-23,EOL_NORMANDIE,6.87,0.6,Running
2025-02-23,EOL_BRETAGNE,8.01,1.1,Running
2025-02-23,EOL_PICARDIE,10.08,0.1,Duplicate
2025-02-23,EOL_PAYS_LOIRE,7.08,1.2,Running
2025-02-23,EOL_CENTRE,7.64,0.6,Running
2025-02-24,EOL_NORMANDIE,11.18,0.6,Maintenance
2025-02-24,EOL_BRETAGNE,9.28,0.9,Brake
2025-02-24,EOL_PICARDIE,7.58,0.5,Running
2025-02-24,EOL_PAYS_LOIRE,8.3,1.5,Running
2025-02-24,EOL_CENTRE,8.08,0.3,Maintenance
2025-02-25,EOL_NORMANDIE,3.78,0.8,Running
2025-02-25,EOL_BRETAGNE,8.35,1.4,Running
2025-02-25,EOL_PICARDIE,4.7,1.0,Running
2025-02-25,EOL_PAYS_LOIRE,11.8,0.6,Running
2025-02-25,EOL_CENTRE,4.66,0.7,Maintenance
2025-02-26,EOL_NORMANDIE,6.74,1.1,Brake
2025-02-26,EOL_BRETAGNE,6.27,1.9,Fault
2025-02-26,EOL_PICARDIE,13.41,1.5,Brake
2025-02-26,EOL_PAYS_LOIRE,11.61,0.6,Running
2025-02-26,EOL_CENTRE,2.9,2.5,Running
2025-02-27,EOL_NORMANDIE,7.85,0.1,Running
2025-02-27,EOL_BRETAGNE,5.02,0.2,Running
2025-02-27,EOL_PICARDIE,8.37,1.3,Running
2025-02-27,EOL_PAYS_LOIRE,10.0,0.5,Running
2025-02-27,EOL_CENTRE,8.63,0.3,Fault
2025-02-28,EOL_NORMANDIE,10.22,0.5,Running
2025-02-28,EOL_BRETAGNE,7.15,0.7,Running
2025-02-28,EOL_PICARDIE,8.73,1.1,Running
2025-02-28,EOL_PAYS_LOIRE,10.09,1.0,Running
2025-02-28,EOL_CENTRE,6.65,0.5,Running
2025-03-01,EOL_NORMANDIE,5.63,0.8,Maintenance
2025-03-01,EOL_BRETAGNE,6.14,1.6,Running
2025-03-01,EOL_PICARDIE,7.54,1.3,Running
2025-03-01,EOL_PAYS_LOIRE,7.93,0.6,Running
2025-03-01,EOL_CENTRE,8.92,2.0,Running
2025-03-02,EOL_NORMANDIE,5.91,1.1,Fault
2025-03-02,EOL_BRETAGNE,10.2,0.3,Maintenance
2025-03-02,EOL_PICARDIE,14.55,0.2,Fault
2025-03-02,EOL_PAYS_LOIRE,6.28,0.4,Running
2025-03-02,EOL_CENTRE,17.53,1.1,Running
2025-03-03,EOL_NORMANDIE,15.29,0.5,Running
2025-03-03,EOL_BRETAGNE,7.92,0.8,Running
2025-03-03,EOL_PICARDIE,7.46,0.3,Maintenance
2025-03-03,EOL_PAYS_LOIRE,6.1,1.6,Running
2025-03-03,EOL_CENTRE,10.75,0.6,Duplicate
2025-03-04,EOL_NORMANDIE,8.12,1.5,Running
2025-03-04,EOL_BRETAGNE,8.43,1.7,Running
2025-03-04,EOL_PICARDIE,5.67,0.1,Running
2025-03-04,EOL_PAYS_LOIRE,10.86,0.8,Running
2025-03-04,EOL_CENTRE,7.24,0.2,Running
2025-03-05,EOL_NORMANDIE,5.17,1.5,Running
2025-03-05,EOL_BRETAGNE,7.69,0.9,Running
2025-03-05,EOL_PICARDIE,5.81,0.3,Running
2025-03-05,EOL_PAYS_LOIRE,12.64,0.3,Running
2025-03-05,EOL_CENTRE,15.21,0.7,Running
2025-03-06,EOL_NORMANDIE,7.77,1.7,Running
2025-03-06,EOL_BRETAGNE,11.49,1.1,Running
2025-03-06,EOL_PICARDIE,11.39,1.4,Running
2025-03-06,EOL_PAYS_LOIRE,1.99,0.7,Running
2025-03-06,EOL_CENTRE,6.14,0.2,Running
2025-03-07,EOL_NORMANDIE,8.25,1.9,Running
2025-03-07,EOL_BRETAGNE,6.71,0.1,Running
2025-03-07,EOL_PICARDIE,5.96,1.7,Running
2025-03-07,EOL_PAYS_LOIRE,11.67,0.7,Running
2025-03-07,EOL_CENTRE,6.61,0.1,Maintenance
2025-03-08,EOL_NORMANDIE,8.92,1.1,Running
2025-03-08,EOL_BRETAGNE,11.29,2.0,Running
2025-03-08,EOL_PICARDIE,12.91,1.8,Maintenance
2025-03-08,EOL_PAYS_LOIRE,5.18,0.4,Running
2025-03-08,EOL_CENTRE,5.35,0.4,Running
2025-03-09,EOL_NORMANDIE,8.56,0.9,Running
2025-03-09,EOL_BRETAGNE,3.43,1.0,Running
2025-03-09,EOL_PICARDIE,5.45,1.2,Running
2025-03-09,EOL_PAYS_LOIRE,12.14,0.4,Running
2025-03-09,EOL_CENTRE,9.91,1.8,Running
2025-03-10,EOL_NORMANDIE,7.54,1.0,Running
2025-03-10,EOL_BRETAGNE,9.37,1.4,Running
2025-03-10,EOL_PICARDIE,10.16,0.9,Running
2025-03-10,EOL_PAYS_LOIRE,4.49,0.7,Running
2025-03-10,EOL_CENTRE,6.57,1.9,Maintenance
2025-03-11,EOL_NORMANDIE,17.12,0.9,Maintenance
2025-03-11,EOL_BRETAGNE,12.75,1.4,Running
2025-03-11,EOL_PICARDIE,8.62,1.8,Duplicate
2025-03-11,EOL_PAYS_LOIRE,8.8,1.1,Running
2025-03-11,EOL_CENTRE,7.78,0.9,Running
2025-03-12,EOL_NORMANDIE,3.79,0.1,Maintenance
2025-03-12,EOL_BRETAGNE,6.25,0.2,Running
2025-03-12,EOL_PICARDIE,9.16,0.5,Running
2025-03-12,EOL_PAYS_LOIRE,6.63,0.5,Running
2025-03-12,EOL_CENTRE,5.25,0.5,Running
2025-03-13,EOL_NORMANDIE,5.52,0.6,Brake
2025-03-13,EOL_BRETAGNE,12.85,0.7,Running
2025-03-13,EOL_PICARDIE,6.49,0.7,Running
2025-03-13,EOL_PAYS_LOIRE,11.89,0.3,Running
2025-03-13,EOL_CENTRE,8.82,0.2,Maintenance
2025-03-14,EOL_NORMANDIE,7.22,1.1,Running
2025-03-14,EOL_BRETAGNE,5.85,0.9,Running
2025-03-14,EOL_PICARDIE,10.0,0.8,Running
2025-03-14,EOL_PAYS_LOIRE,11.35,1.0,Running
2025-03-14,EOL_CENTRE,10.35,1.3,Running
2025-03-15,EOL_NORMANDIE,4.67,0.7,Running
2025-03-15,EOL_BRETAGNE,6.49,1.0,Running
2025-03-15,EOL_PICARDIE,6.78,1.8,Running
2025-03-15,EOL_PAYS_LOIRE,3.49,1.4,Running
2025-03-15,EOL_CENTRE,9.33,0.7,Running
2025-03-16,EOL_NORMANDIE,9.82,1.0,Running
2025-03-16,EOL_BRETAGNE,9.69,0.4,Running
2025-03-16,EOL_PICARDIE,9.11,0.9,Running
2025-03-16,EOL_PAYS_LOIRE,7.0,2.0,Running
2025-03-16,EOL_CENTRE,5.76,0.9,Running
2025-03-17,EOL_NORMANDIE,6.99,1.6,Running
2025-03-17,EOL_BRETAGNE,8.85,0.7,Running
2025-03-17,EOL_PICARDIE,12.3,2.6,Fault
2025-03-17,EOL_PAYS_LOIRE,8.12,0.9,Running
2025-03-17,EOL_CENTRE,8.01,0.2,Running
2025-03-18,EOL_NORMANDIE,3.62,0.9,Maintenance
2025-03-18,EOL_BRETAGNE,9.06,0.6,Running
2025-03-18,EOL_PICARDIE,12.63,0.2,Running
2025-03-18,EOL_PAYS_LOIRE,7.56,1.3,Running
2025-03-18,EOL_CENTRE,7.35,0.6,Running
2025-03-19,EOL_NORMANDIE,6.83,1.3,Brake
2025-03-19,EOL_BRETAGNE,10.13,0.6,Running
2025-03-19,EOL_PICARDIE,3.55,0.5,Running
2025-03-19,EOL_PAYS_LOIRE,11.89,1.9,Fault
2025-03-19,EOL_CENTRE,7.23,0.7,Fault
2025-03-20,EOL_NORMANDIE,9.12,1.0,Running
2025-03-20,EOL_BRETAGNE,10.42,1.0,Running
2025-03-20,EOL_PICARDIE,5.49,0.9,Running
2025-03-20,EOL_PAYS_LOIRE,7.82,1.6,Maintenance
2025-03-20,EOL_CENTRE,7.18,1.1,Running
2025-03-21,EOL_NORMANDIE,4.99,0.7,Running
2025-03-21,EOL_BRETAGNE,11.32,1.4,Running
2025-03-21,EOL_PICARDIE,6.96,0.4,Running
2025-03-21,EOL_PAYS_LOIRE,4.91,0.9,Running
2025-03-21,EOL_CENTRE,8.0,1.7,Running
2025-03-22,EOL_NORMANDIE,4.39,1.0,Running
2025-03-22,EOL_BRETAGNE,6.63,1.3,Running
2025-03-22,EOL_PICARDIE,8.78,1.0,Running
2025-03-22,EOL_PAYS_LOIRE,4.21,1.4,Running
2025-03-22,EOL_CENTRE,9.89,1.7,Running
2025-03-23,EOL_NORMANDIE,8.15,0.6,Maintenance
2025-03-23,EOL_BRETAGNE,10.44,0.4,Running
2025-03-23,EOL_PICARDIE,10.4,0.8,Running
2025-03-23,EOL_PAYS_LOIRE,6.54,1.1,Running
2025-03-23,EOL_CENTRE,6.61,0.5,Running
2025-03-24,EOL_NORMANDIE,9.37,0.1,Running
2025-03-24,EOL_BRETAGNE,5.16,0.6,Running
2025-03-24,EOL_PICARDIE,5.18,1.9,Running
2025-03-24,EOL_PAYS_LOIRE,6.2,1.1,Running
2025-03-24,EOL_CENTRE,4.54,0.7,Running
2025-03-25,EOL_NORMANDIE,4.89,0.5,Running
2025-03-25,EOL_BRETAGNE,4.95,0.7,Maintenance
2025-03-25,EOL_PICARDIE,6.97,0.4,Running
2025-03-25,EOL_PAYS_LOIRE,6.85,0.3,Running
2025-03-25,EOL_CENTRE,11.02,1.5,Running
2025-03-26,EOL_NORMANDIE,7.02,2.5,Running
2025-03-26,EOL_BRETAGNE,7.61,0.4,Brake
2025-03-26,EOL_PICARDIE,14.16,0.2,Fault
2025-03-26,EOL_PAYS_LOIRE,2.95,0.6,Running
2025-03-26,EOL_CENTRE,8.47,0.8,Running
2025-03-27,EOL_NORMANDIE,7.24,0.5,Running
2025-03-27,EOL_BRETAGNE,8.79,0.6,Fault
2025-03-27,EOL_PICARDIE,6.35,0.5,Running
2025-03-27,EOL_PAYS_LOIRE,7.0,1.2,Running
2025-03-27,EOL_CENTRE,12.08,1.1,Running
2025-03-28,EOL_NORMANDIE,9.32,1.0,Running
2025-03-28,EOL_BRETAGNE,7.13,0.7,Running
2025-03-28,EOL_PICARDIE,5.82,1.5,Running
2025-03-28,EOL_PAYS_LOIRE,5.16,1.9,Running
2025-03-28,EOL_CENTRE,6.5,0.4,Running
2025-03-29,EOL_NORMANDIE,7.37,0.5,Fault
2025-03-29,EOL_BRETAGNE,14.14,0.9,Running
2025-03-29,EOL_PICARDIE,8.25,0.3,Maintenance
2025-03-29,EOL_PAYS_LOIRE,6.08,0.8,Running
2025-03-29,EOL_CENTRE,2.95,0.9,Running
2025-03-30,EOL_NORMANDIE,5.75,0.9,Running
2025-03-30,EOL_BRETAGNE,6.5,0.6,Running
2025-03-30,EOL_PICARDIE,8.54,0.9,Running
2025-03-30,EOL_PAYS_LOIRE,6.59,1.8,Running
2025-03-30,EOL_CENTRE,14.39,0.5,Running
2025-03-31,EOL_NORMANDIE,7.18,1.0,Duplicate
2025-03-31,EOL_BRETAGNE,11.16,0.2,Running
2025-03-31,EOL_PICARDIE,4.07,0.3,Running
2025-03-31,EOL_PAYS_LOIRE,7.67,0.9,Running
2025-03-31,EOL_CENTRE,5.78,0.3,Running
2025-04-01,EOL_NORMANDIE,11.27,0.2,Running
2025-04-01,EOL_BRETAGNE,6.75,0.4,Running
2025-04-01,EOL_PICARDIE,12.21,0.9,Maintenance
2025-04-01,EOL_PAYS_LOIRE,9.84,1.1,Running
2025-04-01,EOL_CENTRE,6.43,0.5,Running
2025-04-02,EOL_NORMANDIE,5.12,1.1,Running
2025-04-02,EOL_BRETAGNE,5.91,0.4,Brake
2025-04-02,EOL_PICARDIE,7.0,1.0,Maintenance
2025-04-02,EOL_PAYS_LOIRE,9.82,0.7,Running
2025-04-02,EOL_CENTRE,7.77,1.0,Running
2025-04-03,EOL_NORMANDIE,10.46,2.3,Running
2025-04-03,EOL_BRETAGNE,12.56,1.7,Running
2025-04-03,EOL_PICARDIE,7.92,0.1,Brake
2025-04-03,EOL_PAYS_LOIRE,5.33,1.5,Running
2025-04-03,EOL_CENTRE,8.93,0.3,Running
2025-04-04,EOL_NORMANDIE,14.98,1.7,Running
2025-04-04,EOL_BRETAGNE,10.68,0.6,Running
2025-04-04,EOL_PICARDIE,8.69,0.7,Running
2025-04-04,EOL_PAYS_LOIRE,5.59,0.3,Running
2025-04-04,EOL_CENTRE,7.27,0.3,Running
2025-04-05,EOL_NORMANDIE,4.18,1.1,Duplicate
2025-04-05,EOL_BRETAGNE,5.01,1.7,Running
2025-04-05,EOL_PICARDIE,9.0,1.0,Running
2025-04-05,EOL_PAYS_LOIRE,3.82,1.1,Running
2025-04-05,EOL_CENTRE,6.87,1.2,Running
2025-04-06,EOL_NORMANDIE,4.8,0.6,Running
2025-04-06,EOL_BRETAGNE,5.1,0.2,Running
2025-04-06,EOL_PICARDIE,7.97,0.0,Running
2025-04-06,EOL_PAYS_LOIRE,5.91,0.7,Running
2025-04-06,EOL_CENTRE,4.44,0.5,Running
2025-04-07,EOL_NORMANDIE,6.34,0.3,Running
2025-04-07,EOL_BRETAGNE,4.38,0.4,Running
2025-04-07,EOL_PICARDIE,11.93,0.4,Duplicate
2025-04-07,EOL_PAYS_LOIRE,10.02,1.6,Running
2025-04-07,EOL_CENTRE,10.0,0.4,Running
2025-04-08,EOL_NORMANDIE,5.7,0.9,Running
2025-04-08,EOL_BRETAGNE,9.11,0.9,Maintenance
2025-04-08,EOL_PICARDIE,8.39,0.9,Running
2025-04-08,EOL_PAYS_LOIRE,5.86,0.3,Running
2025-04-08,EOL_CENTRE,7.59,0.6,Maintenance
2025-04-09,EOL_NORMANDIE,4.1,0.2,Fault
2025-04-09,EOL_BRETAGNE,5.17,0.7,Running
2025-04-09,EOL_PICARDIE,7.51,0.5,Running
2025-04-09,EOL_PAYS_LOIRE,6.48,0.9,Running
2025-04-09,EOL_CENTRE,8.82,1.1,Running
2025-04-10,EOL_NORMANDIE,5.92,0.9,Running
2025-04-10,EOL_BRETAGNE,6.83,0.8,Running
2025-04-10,EOL_PICARDIE,7.74,0.7,Running
2025-04-10,EOL_PAYS_LOIRE,5.74,1.4,Running
2025-04-10,EOL_CENTRE,6.79,0.5,Running
2025-04-11,EOL_NORMANDIE,8.37,1.2,Running
2025-04-11,EOL_BRETAGNE,13.16,1.2,Running
2025-04-11,EOL_PICARDIE,5.75,0.7,Running
2025-04-11,EOL_PAYS_LOIRE,6.49,0.6,Running
2025-04-11,EOL_CENTRE,18.92,0.8,Running
2025-04-12,EOL_NORMANDIE,10.64,0.3,Running
2025-04-12,EOL_BRETAGNE,11.59,0.2,Running
2025-04-12,EOL_PICARDIE,9.42,0.3,Running
2025-04-12,EOL_PAYS_LOIRE,11.48,0.5,Running
2025-04-12,EOL_CENTRE,5.63,0.8,Running
2025-04-13,EOL_NORMANDIE,11.08,1.4,Running
2025-04-13,EOL_BRETAGNE,10.14,0.5,Running
2025-04-13,EOL_PICARDIE,5.07,1.7,Duplicate
2025-04-13,EOL_PAYS_LOIRE,6.87,1.8,Running
2025-04-13,EOL_CENTRE,3.23,1.8,Brake
2025-04-14,EOL_NORMANDIE,8.15,1.3,Maintenance
2025-04-14,EOL_BRETAGNE,11.01,0.7,Running
2025-04-14,EOL_PICARDIE,6.37,0.3,Running
2025-04-14,EOL_PAYS_LOIRE,5.3,0.9,Running
2025-04-14,EOL_CENTRE,5.16,0.9,Running
2025-04-15,EOL_NORMANDIE,7.7,1.4,Running
2025-04-15,EOL_BRETAGNE,9.39,2.3,Maintenance
2025-04-15,EOL_PICARDIE,13.26,0.8,Running
2025-04-15,EOL_PAYS_LOIRE,3.12,0.7,Running
2025-04-15,EOL_CENTRE,12.65,0.5,Running
2025-04-16,EOL_NORMANDIE,8.31,0.1,Brake
2025-04-16,EOL_BRETAGNE,10.82,0.8,Running
2025-04-16,EOL_PICARDIE,9.93,0.9,Running
2025-04-16,EOL_PAYS_LOIRE,7.87,1.3,Running
2025-04-16,EOL_CENTRE,7.76,0.8,Running
2025-04-17,EOL_NORMANDIE,8.91,1.6,Running
2025-04-17,EOL_BRETAGNE,7.06,1.0,Fault
2025-04-17,EOL_PICARDIE,7.27,1.4,Running
2025-04-17,EOL_PAYS_LOIRE,1.32,0.4,Brake
2025-04-17,EOL_CENTRE,9.56,1.4,Running
2025-04-18,EOL_NORMANDIE,5.74,1.1,Maintenance
2025-04-18,EOL_BRETAGNE,11.19,0.4,Running
2025-04-18,EOL_PICARDIE,10.85,0.5,Running
2025-04-18,EOL_PAYS_LOIRE,6.5,1.6,Brake
2025-04-18,EOL_CENTRE,9.59,0.2,Running
2025-04-19,EOL_NORMANDIE,9.15,0.8,Running
2025-04-19,EOL_BRETAGNE,6.25,0.6,Running
2025-04-19,EOL_PICARDIE,9.85,1.0,Running
2025-04-19,EOL_PAYS_LOIRE,12.99,1.4,Running
2025-04-19,EOL_CENTRE,11.33,0.7,Running
2025-04-20,EOL_NORMANDIE,4.42,0.7,Running
2025-04-20,EOL_BRETAGNE,9.27,2.0,Running
2025-04-20,EOL_PICARDIE,10.66,1.2,Running
2025-04-20,EOL_PAYS_LOIRE,6.1,1.5,Running
2025-04-20,EOL_CENTRE,11.19,0.8,Running
2025-04-21,EOL_NORMANDIE,5.85,0.5,Brake
2025-04-21,EOL_BRETAGNE,7.03,0.7,Running
2025-04-21,EOL_PICARDIE,5.93,1.1,Running
2025-04-21,EOL_PAYS_LOIRE,5.57,0.3,Brake
2025-04-21,EOL_CENTRE,8.9,0.6,Running
2025-04-22,EOL_NORMANDIE,4.57,0.2,Running
2025-04-22,EOL_BRETAGNE,7.18,0.8,Running
2025-04-22,EOL_PICARDIE,8.91,1.3,Running
2025-04-22,EOL_PAYS_LOIRE,5.96,0.2,Running
2025-04-22,EOL_CENTRE,11.89,1.1,Running
2025-04-23,EOL_NORMANDIE,7.39,1.6,Running
2025-04-23,EOL_BRETAGNE,12.92,0.5,Running
2025-04-23,EOL_PICARDIE,13.75,1.1,Running
2025-04-23,EOL_PAYS_LOIRE,4.37,1.9,Running
2025-04-23,EOL_CENTRE,9.03,1.8,Running
2025-04-24,EOL_NORMANDIE,8.38,0.5,Running
2025-04-24,EOL_BRETAGNE,6.75,0.3,Running
2025-04-24,EOL_PICARDIE,7.89,0.4,Running
2025-04-24,EOL_PAYS_LOIRE,18.86,1.1,Running
2025-04-24,EOL_CENTRE,9.52,1.1,Fault
2025-04-25,EOL_NORMANDIE,10.16,1.1,Fault
2025-04-25,EOL_BRETAGNE,7.48,0.6,Running
2025-04-25,EOL_PICARDIE,9.07,0.4,Running
2025-04-25,EOL_PAYS_LOIRE,5.73,0.9,Running
2025-04-25,EOL_CENTRE,10.23,0.8,Fault
2025-04-26,EOL_NORMANDIE,12.73,1.1,Running
2025-04-26,EOL_BRETAGNE,10.52,0.8,Running
2025-04-26,EOL_PICARDIE,5.94,0.6,Running
2025-04-26,EOL_PAYS_LOIRE,5.39,0.6,Running
2025-04-26,EOL_CENTRE,16.87,0.5,Running
2025-04-27,EOL_NORMANDIE,12.42,0.6,Running
2025-04-27,EOL_BRETAGNE,10.18,0.3,Running
2025-04-27,EOL_PICARDIE,13.04,0.7,Running
2025-04-27,EOL_PAYS_LOIRE,7.79,0.2,Running
2025-04-27,EOL_CENTRE,10.11,0.5,Running
2025-04-28,EOL_NORMANDIE,11.84,1.2,Running
2025-04-28,EOL_BRETAGNE,7.06,0.6,Maintenance
2025-04-28,EOL_PICARDIE,9.26,1.1,Running
2025-04-28,EOL_PAYS_LOIRE,11.36,1.1,Running
2025-04-28,EOL_CENTRE,5.25,0.9,Running
2025-04-29,EOL_NORMANDIE,6.8,1.8,Running
2025-04-29,EOL_BRETAGNE,11.27,0.1,Running
2025-04-29,EOL_PICARDIE,8.47,1.2,Running
2025-04-29,EOL_PAYS_LOIRE,8.06,1.8,Running
2025-04-29,EOL_CENTRE,7.71,1.4,Running
2025-04-30,EOL_NORMANDIE,11.69,0.4,Running
2025-04-30,EOL_BRETAGNE,5.46,0.6,Running
2025-04-30,EOL_PICARDIE,6.63,0.4,Running
2025-04-30,EOL_PAYS_LOIRE,4.56,1.0,Running
2025-04-30,EOL_CENTRE,6.98,1.1,Running
2025-05-01,EOL_NORMANDIE,8.32,0.6,Running
2025-05-01,EOL_BRETAGNE,3.62,0.9,Running
2025-05-01,EOL_PICARDIE,5.76,1.1,Running
2025-05-01,EOL_PAYS_LOIRE,8.46,0.7,Running
2025-05-01,EOL_CENTRE,9.21,1.4,Brake
2025-05-02,EOL_NORMANDIE,14.12,1.2,Brake
2025-05-02,EOL_BRETAGNE,9.71,0.3,Running
2025-05-02,EOL_PICARDIE,7.37,1.0,Running
2025-05-02,EOL_PAYS_LOIRE,8.23,0.5,Running
2025-05-02,EOL_CENTRE,8.34,0.9,Running
2025-05-03,EOL_NORMANDIE,6.63,1.8,Running
2025-05-03,EOL_BRETAGNE,8.59,1.5,Running
2025-05-03,EOL_PICARDIE,6.52,0.7,Brake
2025-05-03,EOL_PAYS_LOIRE,8.75,0.6,Running
2025-05-03,EOL_CENTRE,7.71,0.5,Running
2025-05-04,EOL_NORMANDIE,7.25,0.9,Maintenance
2025-05-04,EOL_BRETAGNE,7.33,0.3,Running
2025-05-04,EOL_PICARDIE,10.29,0.9,Brake
2025-05-04,EOL_PAYS_LOIRE,9.93,0.0,Running
2025-05-04,EOL_CENTRE,7.11,0.6,Running
2025-05-05,EOL_NORMANDIE,10.14,0.5,Running
2025-05-05,EOL_BRETAGNE,7.66,1.9,Running
2025-05-05,EOL_PICARDIE,7.7,1.1,Running
2025-05-05,EOL_PAYS_LOIRE,6.64,0.7,Running
2025-05-05,EOL_CENTRE,13.57,0.3,Running
2025-05-06,EOL_NORMANDIE,13.03,0.9,Running
2025-05-06,EOL_BRETAGNE,6.12,0.5,Running
2025-05-06,EOL_PICARDIE,6.96,0.9,Running
2025-05-06,EOL_PAYS_LOIRE,8.99,1.3,Maintenance
2025-05-06,EOL_CENTRE,9.59,1.0,Running
2025-05-07,EOL_NORMANDIE,5.29,1.0,Running
2025-05-07,EOL_BRETAGNE,5.62,0.9,Duplicate
2025-05-07,EOL_PICARDIE,2.12,1.6,Brake
2025-05-07,EOL_PAYS_LOIRE,9.6,1.6,Running
2025-05-07,EOL_CENTRE,4.4,0.8,Running
2025-05-08,EOL_NORMANDIE,6.14,0.6,Running
2025-05-08,EOL_BRETAGNE,10.7,0.8,Running
2025-05-08,EOL_PICARDIE,10.52,0.5,Running
2025-05-08,EOL_PAYS_LOIRE,13.29,1.0,Running
2025-05-08,EOL_CENTRE,14.92,0.8,Maintenance
2025-05-09,EOL_NORMANDIE,19.47,0.3,Running
2025-05-09,EOL_BRETAGNE,6.89,0.5,Duplicate
2025-05-09,EOL_PICARDIE,6.29,0.8,Running
2025-05-09,EOL_PAYS_LOIRE,9.12,1.5,Running
2025-05-09,EOL_CENTRE,4.6,0.9,Running
2025-05-10,EOL_NORMANDIE,7.2,1.1,Duplicate
2025-05-10,EOL_BRETAGNE,8.31,0.6,Running
2025-05-10,EOL_PICARDIE,9.37,0.9,Running
2025-05-10,EOL_PAYS_LOIRE,9.73,0.8,Fault
2025-05-10,EOL_CENTRE,7.12,1.0,Running
2025-05-11,EOL_NORMANDIE,4.86,0.2,Running
2025-05-11,EOL_BRETAGNE,5.26,0.8,Maintenance
2025-05-11,EOL_PICARDIE,3.45,0.6,Fault
2025-05-11,EOL_PAYS_LOIRE,6.37,0.6,Running
2025-05-11,EOL_CENTRE,4.56,1.8,Running
2025-05-12,EOL_NORMANDIE,6.54,0.4,Running
2025-05-12,EOL_BRETAGNE,9.08,0.6,Running
2025-05-12,EOL_PICARDIE,4.91,0.8,Running
2025-05-12,EOL_PAYS_LOIRE,8.14,1.4,Running
2025-05-12,EOL_CENTRE,7.09,0.7,Running
2025-05-13,EOL_NORMANDIE,8.91,1.2,Running
2025-05-13,EOL_BRETAGNE,9.67,1.4,Running
2025-05-13,EOL_PICARDIE,6.93,0.6,Running
2025-05-13,EOL_PAYS_LOIRE,7.89,0.7,Running
2025-05-13,EOL_CENTRE,7.1,0.7,Running
2025-05-14,EOL_NORMANDIE,6.61,1.3,Running
2025-05-14,EOL_BRETAGNE,6.02,0.2,Running
2025-05-14,EOL_PICARDIE,9.34,0.6,Running
2025-05-14,EOL_PAYS_LOIRE,12.41,1.1,Running
2025-05-14,EOL_CENTRE,11.86,0.9,Maintenance
2025-05-15,EOL_NORMANDIE,4.73,0.8,Running
2025-05-15,EOL_BRETAGNE,12.32,0.9,Running
2025-05-15,EOL_PICARDIE,5.5,0.5,Running
2025-05-15,EOL_PAYS_LOIRE,8.31,0.8,Running
2025-05-15,EOL_CENTRE,8.84,0.8,Fault
2025-05-16,EOL_NORMANDIE,4.27,1.5,Running
2025-05-16,EOL_BRETAGNE,7.38,0.5,Running
2025-05-16,EOL_PICARDIE,12.61,1.4,Running
2025-05-16,EOL_PAYS_LOIRE,2.99,1.0,Running
2025-05-16,EOL_CENTRE,17.37,0.1,Running
2025-05-17,EOL_NORMANDIE,3.39,1.1,Running
2025-05-17,EOL_BRETAGNE,8.76,0.2,Running
2025-05-17,EOL_PICARDIE,4.35,2.4,Running
2025-05-17,EOL_PAYS_LOIRE,9.27,1.4,Running
2025-05-17,EOL_CENTRE,11.67,0.6,Running
2025-05-18,EOL_NORMANDIE,10.5,0.5,Running
2025-05-18,EOL_BRETAGNE,4.41,0.7,Running
2025-05-18,EOL_PICARDIE,11.13,0.7,Running
2025-05-18,EOL_PAYS_LOIRE,7.11,0.7,Running
2025-05-18,EOL_CENTRE,4.46,0.6,Running
2025-05-19,EOL_NORMANDIE,12.57,1.0,Duplicate
2025-05-19,EOL_BRETAGNE,15.82,0.4,Running
2025-05-19,EOL_PICARDIE,8.16,1.4,Running
2025-05-19,EOL_PAYS_LOIRE,6.82,1.3,Running
2025-05-19,EOL_CENTRE,5.8,0.8,Running
2025-05-20,EOL_NORMANDIE,10.25,1.4,Running
2025-05-20,EOL_BRETAGNE,11.32,0.5,Maintenance
2025-05-20,EOL_PICARDIE,6.82,0.1,Brake
2025-05-20,EOL_PAYS_LOIRE,13.58,1.0,Running
2025-05-20,EOL_CENTRE,9.94,0.8,Running
2025-05-21,EOL_NORMANDIE,8.12,0.9,Running
2025-05-21,EOL_BRETAGNE,8.87,1.5,Running
2025-05-21,EOL_PICARDIE,5.32,1.9,Running
2025-05-21,EOL_PAYS_LOIRE,10.21,1.0,Running
2025-05-21,EOL_CENTRE,5.45,1.2,Running
2025-05-22,EOL_NORMANDIE,6.49,0.3,Running
2025-05-22,EOL_BRETAGNE,7.67,0.4,Maintenance
2025-05-22,EOL_PICARDIE,14.86,1.1,Running
2025-05-22,EOL_PAYS_LOIRE,8.61,0.8,Running
2025-05-22,EOL_CENTRE,5.66,0.8,Running
2025-05-23,EOL_NORMANDIE,8.88,0.6,Brake
2025-05-23,EOL_BRETAGNE,9.72,1.0,Running
2025-05-23,EOL_PICARDIE,12.01,0.5,Maintenance
2025-05-23,EOL_PAYS_LOIRE,7.81,1.0,Running
2025-05-23,EOL_CENTRE,5.98,0.4,Running
2025-05-24,EOL_NORMANDIE,16.35,0.3,Running
2025-05-24,EOL_BRETAGNE,8.89,0.6,Brake
2025-05-24,EOL_PICARDIE,5.67,0.5,Running
2025-05-24,EOL_PAYS_LOIRE,7.79,1.5,Running
2025-05-24,EOL_CENTRE,6.49,0.2,Running
2025-05-25,EOL_NORMANDIE,12.28,0.4,Brake
2025-05-25,EOL_BRETAGNE,9.69,0.9,Fault
2025-05-25,EOL_PICARDIE,7.0,0.8,Duplicate
2025-05-25,EOL_PAYS_LOIRE,11.33,0.2,Fault
2025-05-25,EOL_CENTRE,7.55,0.1,Running
2025-05-26,EOL_NORMANDIE,7.72,2.1,Running
2025-05-26,EOL_BRETAGNE,5.92,1.0,Running
2025-05-26,EOL_PICARDIE,5.9,0.7,Running
2025-05-26,EOL_PAYS_LOIRE,15.92,0.8,Maintenance
2025-05-26,EOL_CENTRE,11.13,0.6,Brake
2025-05-27,EOL_NORMANDIE,3.66,0.7,Running
2025-05-27,EOL_BRETAGNE,5.4,1.0,Running
2025-05-27,EOL_PICARDIE,4.98,1.5,Brake
2025-05-27,EOL_PAYS_LOIRE,8.06,0.5,Running
2025-05-27,EOL_CENTRE,6.72,1.4,Running
2025-05-28,EOL_NORMANDIE,13.18,0.4,Running
2025-05-28,EOL_BRETAGNE,6.96,0.5,Running
2025-05-28,EOL_PICARDIE,15.29,0.2,Running
2025-05-28,EOL_PAYS_LOIRE,7.64,0.4,Running
2025-05-28,EOL_CENTRE,16.56,1.6,Running
2025-05-29,EOL_NORMANDIE,7.3,0.8,Duplicate
2025-05-29,EOL_BRETAGNE,7.36,0.3,Running
2025-05-29,EOL_PICARDIE,11.04,1.8,Running
2025-05-29,EOL_PAYS_LOIRE,10.44,1.5,Fault
2025-05-29,EOL_CENTRE,4.66,1.2,Running
2025-05-30,EOL_NORMANDIE,8.13,1.6,Running
2025-05-30,EOL_BRETAGNE,6.7,0.5,Maintenance
2025-05-30,EOL_PICARDIE,6.53,1.3,Running
2025-05-30,EOL_PAYS_LOIRE,8.12,1.1,Maintenance
2025-05-30,EOL_CENTRE,7.06,1.4,Running
2025-05-31,EOL_NORMANDIE,8.43,1.3,Running
2025-05-31,EOL_BRETAGNE,5.31,0.7,Running
2025-05-31,EOL_PICARDIE,4.23,1.2,Running
2025-05-31,EOL_PAYS_LOIRE,11.19,0.6,Running
2025-05-31,EOL_CENTRE,11.83,0.6,Running
2025-06-01,EOL_NORMANDIE,10.94,0.3,Fault
2025-06-01,EOL_BRETAGNE,7.98,1.7,Maintenance
2025-06-01,EOL_PICARDIE,6.86,0.6,Running
2025-06-01,EOL_PAYS_LOIRE,6.2,0.9,Maintenance
2025-06-01,EOL_CENTRE,5.77,0.7,Running
2025-06-02,EOL_NORMANDIE,7.64,1.8,Running
2025-06-02,EOL_BRETAGNE,11.72,0.6,Maintenance
2025-06-02,EOL_PICARDIE,6.0,1.2,Running
2025-06-02,EOL_PAYS_LOIRE,11.73,1.4,Running
2025-06-02,EOL_CENTRE,4.32,0.8,Running
2025-06-03,EOL_NORMANDIE,8.6,0.7,Running
2025-06-03,EOL_BRETAGNE,9.25,1.2,Running
2025-06-03,EOL_PICARDIE,6.45,1.6,Running
2025-06-03,EOL_PAYS_LOIRE,5.18,1.2,Running
2025-06-03,EOL_CENTRE,10.65,0.5,Running
2025-06-04,EOL_NORMANDIE,8.01,1.5,Running
2025-06-04,EOL_BRETAGNE,18.48,0.7,Running
2025-06-04,EOL_PICARDIE,11.79,0.9,Running
2025-06-04,EOL_PAYS_LOIRE,11.83,1.3,Running
2025-06-04,EOL_CENTRE,2.72,0.5,Running
2025-06-05,EOL_NORMANDIE,6.05,1.2,Running
2025-06-05,EOL_BRETAGNE,4.94,1.0,Running
2025-06-05,EOL_PICARDIE,3.37,1.5,Running
2025-06-05,EOL_PAYS_LOIRE,7.77,0.4,Running
2025-06-05,EOL_CENTRE,10.55,0.7,Fault
2025-06-06,EOL_NORMANDIE,5.37,1.3,Fault
2025-06-06,EOL_BRETAGNE,3.45,0.1,Maintenance
2025-06-06,EOL_PICARDIE,5.54,0.3,Fault
2025-06-06,EOL_PAYS_LOIRE,7.42,2.2,Running
2025-06-06,EOL_CENTRE,7.22,0.6,Running
2025-06-07,EOL_NORMANDIE,7.91,1.9,Running
2025-06-07,EOL_BRETAGNE,9.18,0.4,Running
2025-06-07,EOL_PICARDIE,7.84,0.7,Brake
2025-06-07,EOL_PAYS_LOIRE,10.77,1.2,Running
2025-06-07,EOL_CENTRE,5.41,1.0,Duplicate
2025-06-08,EOL_NORMANDIE,7.11,0.9,Running
2025-06-08,EOL_BRETAGNE,9.73,0.9,Maintenance
2025-06-08,EOL_PICARDIE,8.74,1.4,Running
2025-06-08,EOL_PAYS_LOIRE,14.6,0.5,Running
2025-06-08,EOL_CENTRE,5.5,0.8,Running
2025-06-09,EOL_NORMANDIE,9.8,0.4,Maintenance
2025-06-09,EOL_BRETAGNE,6.17,1.0,Brake
2025-06-09,EOL_PICARDIE,5.91,0.5,Running
2025-06-09,EOL_PAYS_LOIRE,11.53,0.6,Running
2025-06-09,EOL_CENTRE,7.81,0.8,Running
2025-06-10,EOL_NORMANDIE,8.69,0.2,Duplicate
2025-06-10,EOL_BRETAGNE,6.35,0.3,Running
2025-06-10,EOL_PICARDIE,6.49,1.1,Running
2025-06-10,EOL_PAYS_LOIRE,4.2,0.7,Running
2025-06-10,EOL_CENTRE,8.43,1.4,Running
2025-06-11,EOL_NORMANDIE,5.21,1.1,Running
2025-06-11,EOL_BRETAGNE,7.47,0.1,Running
2025-06-11,EOL_PICARDIE,10.76,1.0,Fault
2025-06-11,EOL_PAYS_LOIRE,3.74,0.3,Maintenance
2025-06-11,EOL_CENTRE,20.39,1.2,Running
2025-06-12,EOL_NORMANDIE,5.87,2.2,Duplicate
2025-06-12,EOL_BRETAGNE,7.55,0.9,Running
2025-06-12,EOL_PICARDIE,8.68,1.1,Running
2025-06-12,EOL_PAYS_LOIRE,5.79,0.5,Running
2025-06-12,EOL_CENTRE,6.58,0.8,Running
2025-06-13,EOL_NORMANDIE,11.67,1.4,Maintenance
2025-06-13,EOL_BRETAGNE,10.33,0.4,Running
2025-06-13,EOL_PICARDIE,7.16,0.6,Running
2025-06-13,EOL_PAYS_LOIRE,7.88,0.8,Running
2025-06-13,EOL_CENTRE,8.3,1.1,Running
2025-06-14,EOL_NORMANDIE,9.64,0.7,Maintenance
2025-06-14,EOL_BRETAGNE,9.9,1.6,Running
2025-06-14,EOL_PICARDIE,9.8,0.3,Running
2025-06-14,EOL_PAYS_LOIRE,6.74,0.7,Brake
2025-06-14,EOL_CENTRE,8.2,1.1,Running
2025-06-15,EOL_NORMANDIE,11.2,0.5,Running
2025-06-15,EOL_BRETAGNE,16.33,1.0,Running
2025-06-15,EOL_PICARDIE,8.12,0.4,Running
2025-06-15,EOL_PAYS_LOIRE,6.4,0.2,Duplicate
2025-06-15,EOL_CENTRE,5.75,0.4,Running
2025-06-16,EOL_NORMANDIE,9.83,1.6,Running
2025-06-16,EOL_BRETAGNE,4.13,0.9,Fault
2025-06-16,EOL_PICARDIE,9.86,1.3,Running
2025-06-16,EOL_PAYS_LOIRE,9.93,0.6,Running
2025-06-16,EOL_CENTRE,6.48,0.9,Running
2025-06-17,EOL_NORMANDIE,8.61,0.8,Maintenance
2025-06-17,EOL_BRETAGNE,7.25,1.7,Running
2025-06-17,EOL_PICARDIE,4.57,1.2,Running
2025-06-17,EOL_PAYS_LOIRE,9.6,1.1,Running
2025-06-17,EOL_CENTRE,9.28,0.2,Running
2025-06-18,EOL_NORMANDIE,6.68,0.9,Running
2025-06-18,EOL_BRETAGNE,16.23,0.8,Running
2025-06-18,EOL_PICARDIE,7.9,1.6,Running
2025-06-18,EOL_PAYS_LOIRE,3.6,0.5,Running
2025-06-18,EOL_CENTRE,11.42,0.6,Running
2025-06-19,EOL_NORMANDIE,10.44,0.7,Maintenance
2025-06-19,EOL_BRETAGNE,10.89,0.5,Running
2025-06-19,EOL_PICARDIE,5.32,0.4,Running
2025-06-19,EOL_PAYS_LOIRE,8.53,1.4,Running
2025-06-19,EOL_CENTRE,7.85,0.9,Running
2025-06-20,EOL_NORMANDIE,7.38,1.4,Running
2025-06-20,EOL_BRETAGNE,12.52,1.3,Running
2025-06-20,EOL_PICARDIE,7.94,0.6,Running
2025-06-20,EOL_PAYS_LOIRE,6.76,0.9,Brake
2025-06-20,EOL_CENTRE,6.74,0.3,Running
2025-06-21,EOL_NORMANDIE,5.16,1.6,Running
2025-06-21,EOL_BRETAGNE,8.23,0.7,Running
2025-06-21,EOL_PICARDIE,12.88,0.7,Fault
2025-06-21,EOL_PAYS_LOIRE,6.97,0.6,Running
2025-06-21,EOL_CENTRE,8.7,0.8,Running
2025-06-22,EOL_NORMANDIE,7.34,0.5,Brake
2025-06-22,EOL_BRETAGNE,7.63,0.7,Running
2025-06-22,EOL_PICARDIE,10.61,1.3,Running
2025-06-22,EOL_PAYS_LOIRE,5.14,1.3,Running
2025-06-22,EOL_CENTRE,4.29,0.6,Maintenance
2025-06-23,EOL_NORMANDIE,11.43,0.8,Running
2025-06-23,EOL_BRETAGNE,6.42,1.4,Brake
2025-06-23,EOL_PICARDIE,6.79,0.2,Running
2025-06-23,EOL_PAYS_LOIRE,17.57,1.5,Running
2025-06-23,EOL_CENTRE,10.42,0.5,Running
2025-06-24,EOL_NORMANDIE,5.6,1.1,Running
2025-06-24,EOL_BRETAGNE,11.72,0.9,Running
2025-06-24,EOL_PICARDIE,10.51,0.9,Running
2025-06-24,EOL_PAYS_LOIRE,2.0,1.4,Running
2025-06-24,EOL_CENTRE,8.34,0.3,Running
2025-06-25,EOL_NORMANDIE,5.24,0.7,Running
2025-06-25,EOL_BRETAGNE,7.63,0.9,Maintenance
2025-06-25,EOL_PICARDIE,16.35,1.3,Running
2025-06-25,EOL_PAYS_LOIRE,10.78,0.5,Maintenance
2025-06-25,EOL_CENTRE,11.31,1.3,Running
2025-06-26,EOL_NORMANDIE,7.34,0.7,Brake
2025-06-26,EOL_BRETAGNE,11.33,0.5,Running
2025-06-26,EOL_PICARDIE,5.94,1.2,Running
2025-06-26,EOL_PAYS_LOIRE,8.3,0.3,Maintenance
2025-06-26,EOL_CENTRE,10.59,0.9,Fault
2025-06-27,EOL_NORMANDIE,10.47,0.3,Running
2025-06-27,EOL_BRETAGNE,4.39,0.7,Running
2025-06-27,EOL_PICARDIE,14.96,1.0,Running
2025-06-27,EOL_PAYS_LOIRE,5.51,0.9,Running
2025-06-27,EOL_CENTRE,18.8,0.7,Brake
2025-06-28,EOL_NORMANDIE,10.71,0.7,Running
2025-06-28,EOL_BRETAGNE,10.37,0.5,Maintenance
2025-06-28,EOL_PICARDIE,5.69,0.8,Running
2025-06-28,EOL_PAYS_LOIRE,6.52,1.8,Maintenance
2025-06-28,EOL_CENTRE,14.49,1.4,Fault
2025-06-29,EOL_NORMANDIE,13.77,0.4,Running
2025-06-29,EOL_BRETAGNE,7.42,0.2,Running
2025-06-29,EOL_PICARDIE,7.19,1.6,Maintenance
2025-06-29,EOL_PAYS_LOIRE,7.27,0.9,Running
2025-06-29,EOL_CENTRE,11.75,0.9,Running
2025-06-30,EOL_NORMANDIE,11.33,1.2,Running
2025-06-30,EOL_BRETAGNE,9.08,0.6,Running
2025-06-30,EOL_PICARDIE,8.33,0.8,Maintenance
2025-06-30,EOL_PAYS_LOIRE,7.39,1.9,Running
2025-06-30,EOL_CENTRE,18.2,1.1,Fault
2025-07-01,EOL_NORMANDIE,4.58,0.4,Running
2025-07-01,EOL_BRETAGNE,6.83,0.4,Running
2025-07-01,EOL_PICARDIE,8.85,0.5,Running
2025-07-01,EOL_PAYS_LOIRE,4.23,1.2,Running
2025-07-01,EOL_CENTRE,6.35,0.6,Running
2025-07-02,EOL_NORMANDIE,16.27,0.1,Running
2025-07-02,EOL_BRETAGNE,11.05,1.7,Running
2025-07-02,EOL_PICARDIE,6.34,0.4,Brake
2025-07-02,EOL_PAYS_LOIRE,6.26,0.1,Running
2025-07-02,EOL_CENTRE,4.59,0.5,Running
2025-07-03,EOL_NORMANDIE,6.67,0.5,Running
2025-07-03,EOL_BRETAGNE,9.68,0.7,Running
2025-07-03,EOL_PICARDIE,9.07,1.6,Running
2025-07-03,EOL_PAYS_LOIRE,6.8,1.5,Running
2025-07-03,EOL_CENTRE,5.48,0.8,Running
2025-07-04,EOL_NORMANDIE,7.35,0.7,Running
2025-07-04,EOL_BRETAGNE,7.29,0.9,Running
2025-07-04,EOL_PICARDIE,10.52,0.5,Running
2025-07-04,EOL_PAYS_LOIRE,8.58,0.2,Running
2025-07-04,EOL_CENTRE,8.16,1.7,Fault
2025-07-05,EOL_NORMANDIE,12.14,0.5,Running
2025-07-05,EOL_BRETAGNE,13.72,0.5,Running
2025-07-05,EOL_PICARDIE,9.02,0.8,Running
2025-07-05,EOL_PAYS_LOIRE,9.11,0.8,Brake
2025-07-05,EOL_CENTRE,7.54,0.1,Running
2025-07-06,EOL_NORMANDIE,5.67,0.4,Running
2025-07-06,EOL_BRETAGNE,10.83,0.7,Duplicate
2025-07-06,EOL_PICARDIE,10.05,1.1,Running
2025-07-06,EOL_PAYS_LOIRE,7.77,0.5,Running
2025-07-06,EOL_CENTRE,8.59,0.7,Running
2025-07-07,EOL_NORMANDIE,11.84,0.9,Running
2025-07-07,EOL_BRETAGNE,12.57,1.5,Maintenance
2025-07-07,EOL_PICARDIE,2.77,0.6,Running
2025-07-07,EOL_PAYS_LOIRE,6.18,0.4,Running
2025-07-07,EOL_CENTRE,7.76,0.8,Running
2025-07-08,EOL_NORMANDIE,5.16,1.2,Brake
2025-07-08,EOL_BRETAGNE,8.68,0.3,Running
2025-07-08,EOL_PICARDIE,6.3,0.7,Running
2025-07-08,EOL_PAYS_LOIRE,8.78,0.1,Running
2025-07-08,EOL_CENTRE,6.37,0.2,Running
2025-07-09,EOL_NORMANDIE,6.47,0.8,Running
2025-07-09,EOL_BRETAGNE,8.76,0.6,Running
2025-07-09,EOL_PICARDIE,11.0,1.4,Running
2025-07-09,EOL_PAYS_LOIRE,9.83,1.0,Running
2025-07-09,EOL_CENTRE,7.79,0.8,Running
2025-07-10,EOL_NORMANDIE,3.72,0.7,Running
2025-07-10,EOL_BRETAGNE,6.42,0.8,Running
2025-07-10,EOL_PICARDIE,6.15,0.2,Duplicate
2025-07-10,EOL_PAYS_LOIRE,10.27,1.5,Running
2025-07-10,EOL_CENTRE,8.36,2.5,Running
2025-07-11,EOL_NORMANDIE,8.47,0.4,Running
2025-07-11,EOL_BRETAGNE,5.76,0.4,Brake
2025-07-11,EOL_PICARDIE,12.76,0.4,Running
2025-07-11,EOL_PAYS_LOIRE,8.45,1.0,Running
2025-07-11,EOL_CENTRE,5.63,1.0,Running
2025-07-12,EOL_NORMANDIE,5.79,1.4,Running
2025-07-12,EOL_BRETAGNE,8.9,1.2,Maintenance
2025-07-12,EOL_PICARDIE,5.55,0.8,Running
2025-07-12,EOL_PAYS_LOIRE,6.18,1.0,Running
2025-07-12,EOL_CENTRE,5.06,1.1,Maintenance
2025-07-13,EOL_NORMANDIE,10.24,0.8,Running
2025-07-13,EOL_BRETAGNE,5.6,0.8,Brake
2025-07-13,EOL_PICARDIE,13.55,1.0,Running
2025-07-13,EOL_PAYS_LOIRE,9.31,0.9,Running
2025-07-13,EOL_CENTRE,5.06,1.0,Maintenance
2025-07-14,EOL_NORMANDIE,9.8,1.0,Running
2025-07-14,EOL_BRETAGNE,12.77,1.1,Running
2025-07-14,EOL_PICARDIE,7.66,1.0,Running
2025-07-14,EOL_PAYS_LOIRE,13.33,0.9,Running
2025-07-14,EOL_CENTRE,9.38,1.1,Running
2025-07-15,EOL_NORMANDIE,6.3,0.8,Running
2025-07-15,EOL_BRETAGNE,16.37,0.5,Running
2025-07-15,EOL_PICARDIE,4.54,0.0,Running
2025-07-15,EOL_PAYS_LOIRE,6.97,0.9,Fault
2025-07-15,EOL_CENTRE,7.79,0.9,Running
2025-07-16,EOL_NORMANDIE,15.29,1.9,Running
2025-07-16,EOL_BRETAGNE,10.33,0.7,Running
2025-07-16,EOL_PICARDIE,9.69,0.7,Running
2025-07-16,EOL_PAYS_LOIRE,5.94,0.5,Running
2025-07-16,EOL_CENTRE,7.55,0.3,Running
2025-07-17,EOL_NORMANDIE,6.36,1.2,Maintenance
2025-07-17,EOL_BRETAGNE,9.57,0.5,Maintenance
2025-07-17,EOL_PICARDIE,12.01,1.0,Running
2025-07-17,EOL_PAYS_LOIRE,17.8,1.1,Running
2025-07-17,EOL_CENTRE,6.63,0.8,Running
2025-07-18,EOL_NORMANDIE,4.49,1.4,Running
2025-07-18,EOL_BRETAGNE,7.02,0.8,Running
2025-07-18,EOL_PICARDIE,11.39,0.6,Running
2025-07-18,EOL_PAYS_LOIRE,5.66,1.5,Running
2025-07-18,EOL_CENTRE,7.89,1.4,Running
2025-07-19,EOL_NORMANDIE,9.73,0.4,Maintenance
2025-07-19,EOL_BRETAGNE,6.68,0.2,Running
2025-07-19,EOL_PICARDIE,8.59,0.3,Running
2025-07-19,EOL_PAYS_LOIRE,5.46,0.6,Running
2025-07-19,EOL_CENTRE,12.32,1.9,Maintenance
2025-07-20,EOL_NORMANDIE,7.22,0.9,Fault
2025-07-20,EOL_BRETAGNE,8.49,0.7,Running
2025-07-20,EOL_PICARDIE,3.78,1.5,Running
2025-07-20,EOL_PAYS_LOIRE,5.17,0.8,Fault
2025-07-20,EOL_CENTRE,11.25,0.6,Running
2025-07-21,EOL_NORMANDIE,6.64,1.7,Maintenance
2025-07-21,EOL_BRETAGNE,5.56,1.4,Running
2025-07-21,EOL_PICARDIE,4.35,1.4,Running
2025-07-21,EOL_PAYS_LOIRE,12.23,0.8,Running
2025-07-21,EOL_CENTRE,10.16,1.2,Running
2025-07-22,EOL_NORMANDIE,9.92,0.4,Running
2025-07-22,EOL_BRETAGNE,14.01,0.9,Running
2025-07-22,EOL_PICARDIE,6.98,2.0,Brake
2025-07-22,EOL_PAYS_LOIRE,4.51,0.6,Running
2025-07-22,EOL_CENTRE,8.06,1.3,Running
2025-07-23,EOL_NORMANDIE,15.03,0.8,Running
2025-07-23,EOL_BRETAGNE,8.13,0.2,Running
2025-07-23,EOL_PICARDIE,11.89,1.2,Running
2025-07-23,EOL_PAYS_LOIRE,4.58,0.4,Running
2025-07-23,EOL_CENTRE,5.89,1.0,Running
2025-07-24,EOL_NORMANDIE,11.0,0.3,Running
2025-07-24,EOL_BRETAGNE,8.43,1.7,Duplicate
2025-07-24,EOL_PICARDIE,7.61,0.6,Running
2025-07-24,EOL_PAYS_LOIRE,11.83,0.5,Maintenance
2025-07-24,EOL_CENTRE,10.94,0.4,Running
2025-07-25,EOL_NORMANDIE,8.51,1.7,Running
2025-07-25,EOL_BRETAGNE,2.78,1.1,Maintenance
2025-07-25,EOL_PICARDIE,7.94,1.2,Running
2025-07-25,EOL_PAYS_LOIRE,9.27,0.8,Running
2025-07-25,EOL_CENTRE,3.82,0.8,Running
2025-07-26,EOL_NORMANDIE,9.15,0.3,Running
2025-07-26,EOL_BRETAGNE,12.03,0.9,Running
2025-07-26,EOL_PICARDIE,7.93,0.5,Brake
2025-07-26,EOL_PAYS_LOIRE,5.32,1.9,Running
2025-07-26,EOL_CENTRE,2.93,1.3,Running
2025-07-27,EOL_NORMANDIE,9.22,0.7,Brake
2025-07-27,EOL_BRETAGNE,4.01,0.4,Running
2025-07-27,EOL_PICARDIE,9.89,1.2,Running
2025-07-27,EOL_PAYS_LOIRE,14.75,0.4,Running
2025-07-27,EOL_CENTRE,3.11,0.5,Running
2025-07-28,EOL_NORMANDIE,6.0,0.5,Running
2025-07-28,EOL_BRETAGNE,7.28,0.9,Running
2025-07-28,EOL_PICARDIE,15.07,1.2,Running
2025-07-28,EOL_PAYS_LOIRE,8.29,0.6,Running
2025-07-28,EOL_CENTRE,6.67,0.3,Running
2025-07-29,EOL_NORMANDIE,11.39,0.8,Running
2025-07-29,EOL_BRETAGNE,6.81,1.2,Running
2025-07-29,EOL_PICARDIE,5.85,0.5,Running
2025-07-29,EOL_PAYS_LOIRE,9.83,0.5,Running
2025-07-29,EOL_CENTRE,11.73,1.7,Maintenance
2025-07-30,EOL_NORMANDIE,2.56,1.8,Running
2025-07-30,EOL_BRETAGNE,5.83,2.2,Running
2025-07-30,EOL_PICARDIE,8.55,1.3,Running
2025-07-30,EOL_PAYS_LOIRE,7.4,0.5,Running
2025-07-30,EOL_CENTRE,7.85,0.5,Running
2025-07-31,EOL_NORMANDIE,5.34,0.6,Maintenance
2025-07-31,EOL_BRETAGNE,10.11,0.6,Brake
2025-07-31,EOL_PICARDIE,13.53,1.8,Brake
2025-07-31,EOL_PAYS_LOIRE,5.78,1.2,Fault
2025-07-31,EOL_CENTRE,10.1,1.1,Brake
2025-08-01,EOL_NORMANDIE,11.29,0.5,Running
2025-08-01,EOL_BRETAGNE,8.52,1.6,Running
2025-08-01,EOL_PICARDIE,9.95,1.3,Maintenance
2025-08-01,EOL_PAYS_LOIRE,6.03,0.4,Running
2025-08-01,EOL_CENTRE,13.24,1.4,Running
2025-08-02,EOL_NORMANDIE,11.76,0.6,Running
2025-08-02,EOL_BRETAGNE,12.26,0.3,Running
2025-08-02,EOL_PICARDIE,4.99,1.0,Running
2025-08-02,EOL_PAYS_LOIRE,9.48,1.0,Running
2025-08-02,EOL_CENTRE,6.2,0.3,Running
2025-08-03,EOL_NORMANDIE,13.67,0.6,Brake
2025-08-03,EOL_BRETAGNE,5.83,2.2,Running
2025-08-03,EOL_PICARDIE,8.65,1.1,Brake
2025-08-03,EOL_PAYS_LOIRE,3.39,1.1,Running
2025-08-03,EOL_CENTRE,8.63,0.5,Running
2025-08-04,EOL_NORMANDIE,5.01,0.3,Running
2025-08-04,EOL_BRETAGNE,9.66,0.6,Running
2025-08-04,EOL_PICARDIE,7.48,0.5,Running
2025-08-04,EOL_PAYS_LOIRE,6.88,0.5,Maintenance
2025-08-04,EOL_CENTRE,13.8,0.5,Running
2025-08-05,EOL_NORMANDIE,16.81,0.9,Fault
2025-08-05,EOL_BRETAGNE,4.44,0.6,Running
2025-08-05,EOL_PICARDIE,6.96,1.3,Running
2025-08-05,EOL_PAYS_LOIRE,10.7,0.5,Running
2025-08-05,EOL_CENTRE,9.07,0.8,Running
2025-08-06,EOL_NORMANDIE,10.48,0.1,Running
2025-08-06,EOL_BRETAGNE,7.69,0.8,Running
2025-08-06,EOL_PICARDIE,11.95,0.2,Running
2025-08-06,EOL_PAYS_LOIRE,8.51,2.0,Running
2025-08-06,EOL_CENTRE,9.27,1.3,Running
2025-08-07,EOL_NORMANDIE,5.01,0.8,Running
2025-08-07,EOL_BRETAGNE,8.19,0.3,Running
2025-08-07,EOL_PICARDIE,10.74,0.9,Running
2025-08-07,EOL_PAYS_LOIRE,8.89,1.2,Running
2025-08-07,EOL_CENTRE,15.53,0.5,Running
2025-08-08,EOL_NORMANDIE,8.32,0.9,Running
2025-08-08,EOL_BRETAGNE,9.48,1.3,Running
2025-08-08,EOL_PICARDIE,8.49,1.2,Maintenance
2025-08-08,EOL_PAYS_LOIRE,7.78,1.3,Running
2025-08-08,EOL_CENTRE,10.86,1.5,Running
2025-08-09,EOL_NORMANDIE,7.58,1.7,Running
2025-08-09,EOL_BRETAGNE,4.89,0.7,Fault
2025-08-09,EOL_PICARDIE,13.56,0.9,Running
2025-08-09,EOL_PAYS_LOIRE,6.28,1.3,Maintenance
2025-08-09,EOL_CENTRE,4.35,1.1,Running
2025-08-10,EOL_NORMANDIE,9.92,2.3,Running
2025-08-10,EOL_BRETAGNE,14.22,0.1,Maintenance
2025-08-10,EOL_PICARDIE,10.0,0.7,Running
2025-08-10,EOL_PAYS_LOIRE,12.83,0.6,Running
2025-08-10,EOL_CENTRE,5.58,0.6,Running
2025-08-11,EOL_NORMANDIE,4.92,0.5,Running
2025-08-11,EOL_BRETAGNE,6.96,1.1,Running
2025-08-11,EOL_PICARDIE,11.62,0.3,Running
2025-08-11,EOL_PAYS_LOIRE,9.67,1.2,Running
2025-08-11,EOL_CENTRE,9.94,1.1,Brake
2025-08-12,EOL_NORMANDIE,8.32,0.5,Running
2025-08-12,EOL_BRETAGNE,7.01,0.5,Running
2025-08-12,EOL_PICARDIE,8.46,1.0,Running
2025-08-12,EOL_PAYS_LOIRE,7.48,1.2,Duplicate
2025-08-12,EOL_CENTRE,6.82,1.4,Running
2025-08-13,EOL_NORMANDIE,9.16,1.4,Running
2025-08-13,EOL_BRETAGNE,7.22,1.8,Maintenance
2025-08-13,EOL_PICARDIE,8.78,0.9,Maintenance
2025-08-13,EOL_PAYS_LOIRE,3.54,1.5,Running
2025-08-13,EOL_CENTRE,8.51,1.3,Running
2025-08-14,EOL_NORMANDIE,7.2,1.5,Running
2025-08-14,EOL_BRETAGNE,13.09,0.1,Running
2025-08-14,EOL_PICARDIE,4.27,1.8,Brake
2025-08-14,EOL_PAYS_LOIRE,8.28,0.8,Brake
2025-08-14,EOL_CENTRE,10.79,1.3,Running
2025-08-15,EOL_NORMANDIE,7.59,0.4,Running
2025-08-15,EOL_BRETAGNE,7.11,0.7,Running
2025-08-15,EOL_PICARDIE,10.77,0.6,Duplicate
2025-08-15,EOL_PAYS_LOIRE,9.58,0.6,Running
2025-08-15,EOL_CENTRE,9.85,0.4,Running
2025-08-16,EOL_NORMANDIE,6.83,1.3,Running
2025-08-16,EOL_BRETAGNE,6.51,0.1,Running
2025-08-16,EOL_PICARDIE,8.78,0.6,Running
2025-08-16,EOL_PAYS_LOIRE,11.1,0.4,Maintenance
2025-08-16,EOL_CENTRE,4.65,0.9,Running
2025-08-17,EOL_NORMANDIE,7.7,0.5,Running
2025-08-17,EOL_BRETAGNE,6.62,0.5,Running
2025-08-17,EOL_PICARDIE,8.04,0.8,Brake
2025-08-17,EOL_PAYS_LOIRE,10.41,1.0,Running
2025-08-17,EOL_CENTRE,5.78,0.4,Running
2025-08-18,EOL_NORMANDIE,9.98,0.4,Fault
2025-08-18,EOL_BRETAGNE,6.91,0.5,Maintenance
2025-08-18,EOL_PICARDIE,11.75,1.9,Maintenance
2025-08-18,EOL_PAYS_LOIRE,5.91,0.7,Running
2025-08-18,EOL_CENTRE,11.05,1.0,Running
2025-08-19,EOL_NORMANDIE,4.84,0.5,Running
2025-08-19,EOL_BRETAGNE,8.57,0.8,Running
2025-08-19,EOL_PICARDIE,10.06,0.3,Running
2025-08-19,EOL_PAYS_LOIRE,5.97,0.2,Running
2025-08-19,EOL_CENTRE,3.15,0.8,Running
2025-08-20,EOL_NORMANDIE,6.7,0.7,Running
2025-08-20,EOL_BRETAGNE,8.07,0.4,Running
2025-08-20,EOL_PICARDIE,7.1,1.1,Duplicate
2025-08-20,EOL_PAYS_LOIRE,6.46,2.2,Running
2025-08-20,EOL_CENTRE,10.83,0.7,Running
2025-08-21,EOL_NORMANDIE,12.19,1.0,Running
2025-08-21,EOL_BRETAGNE,11.92,1.8,Running
2025-08-21,EOL_PICARDIE,9.44,1.3,Running
2025-08-21,EOL_PAYS_LOIRE,9.91,0.8,Running
2025-08-21,EOL_CENTRE,5.6,1.2,Running
2025-08-22,EOL_NORMANDIE,7.8,0.4,Maintenance
2025-08-22,EOL_BRETAGNE,8.32,0.8,Running
2025-08-22,EOL_PICARDIE,8.9,0.6,Running
2025-08-22,EOL_PAYS_LOIRE,8.84,0.4,Running
2025-08-22,EOL_CENTRE,8.08,0.7,Running
2025-08-23,EOL_NORMANDIE,9.4,0.4,Running
2025-08-23,EOL_BRETAGNE,8.7,1.1,Running
2025-08-23,EOL_PICARDIE,8.69,0.8,Running
2025-08-23,EOL_PAYS_LOIRE,6.12,0.9,Maintenance
2025-08-23,EOL_CENTRE,5.11,0.4,Brake
2025-08-24,EOL_NORMANDIE,8.91,0.4,Maintenance
2025-08-24,EOL_BRETAGNE,6.81,0.9,Running
2025-08-24,EOL_PICARDIE,6.23,2.0,Running
2025-08-24,EOL_PAYS_LOIRE,10.15,0.3,Brake
2025-08-24,EOL_CENTRE,7.83,0.6,Running
2025-08-25,EOL_NORMANDIE,12.85,1.4,Maintenance
2025-08-25,EOL_BRETAGNE,9.76,0.3,Running
2025-08-25,EOL_PICARDIE,5.98,1.4,Running
2025-08-25,EOL_PAYS_LOIRE,10.2,0.9,Running
2025-08-25,EOL_CENTRE,9.24,0.7,Running
2025-08-26,EOL_NORMANDIE,5.9,0.6,Maintenance
2025-08-26,EOL_BRETAGNE,6.5,0.6,Fault
2025-08-26,EOL_PICARDIE,10.02,0.6,Running
2025-08-26,EOL_PAYS_LOIRE,3.93,1.5,Running
2025-08-26,EOL_CENTRE,3.34,1.1,Brake
2025-08-27,EOL_NORMANDIE,8.51,1.1,Running
2025-08-27,EOL_BRETAGNE,8.28,1.3,Running
2025-08-27,EOL_PICARDIE,8.79,0.5,Running
2025-08-27,EOL_PAYS_LOIRE,8.29,1.0,Running
2025-08-27,EOL_CENTRE,9.35,0.8,Running
2025-08-28,EOL_NORMANDIE,12.25,1.2,Running
2025-08-28,EOL_BRETAGNE,8.02,0.6,Maintenance
2025-08-28,EOL_PICARDIE,4.51,1.0,Running
2025-08-28,EOL_PAYS_LOIRE,3.74,1.5,Running
2025-08-28,EOL_CENTRE,7.03,0.7,Running
2025-08-29,EOL_NORMANDIE,7.1,0.3,Running
2025-08-29,EOL_BRETAGNE,4.8,0.9,Running
2025-08-29,EOL_PICARDIE,3.09,0.7,Running
2025-08-29,EOL_PAYS_LOIRE,6.84,1.1,Running
2025-08-29,EOL_CENTRE,14.19,1.7,Running
2025-08-30,EOL_NORMANDIE,9.22,0.8,Running
2025-08-30,EOL_BRETAGNE,8.92,0.8,Running
2025-08-30,EOL_PICARDIE,7.51,1.0,Running
2025-08-30,EOL_PAYS_LOIRE,7.03,0.3,Running
2025-08-30,EOL_CENTRE,9.55,0.5,Running
2025-08-31,EOL_NORMANDIE,5.02,1.6,Running
2025-08-31,EOL_BRETAGNE,15.57,1.1,Fault
2025-08-31,EOL_PICARDIE,5.16,0.1,Running
2025-08-31,EOL_PAYS_LOIRE,9.87,0.5,Maintenance
2025-08-31,EOL_CENTRE,5.34,1.1,Running
2025-09-01,EOL_NORMANDIE,8.36,1.2,Brake
2025-09-01,EOL_BRETAGNE,10.25,1.4,Running
2025-09-01,EOL_PICARDIE,4.17,0.6,Running
2025-09-01,EOL_PAYS_LOIRE,5.57,1.6,Running
2025-09-01,EOL_CENTRE,5.71,0.9,Running
2025-09-02,EOL_NORMANDIE,7.24,1.1,Running
2025-09-02,EOL_BRETAGNE,8.74,1.0,Running
2025-09-02,EOL_PICARDIE,14.3,0.4,Running
2025-09-02,EOL_PAYS_LOIRE,6.48,1.8,Running
2025-09-02,EOL_CENTRE,13.95,0.4,Fault
2025-09-03,EOL_NORMANDIE,9.1,0.5,Running
2025-09-03,EOL_BRETAGNE,5.09,1.3,Running
2025-09-03,EOL_PICARDIE,7.52,1.0,Running
2025-09-03,EOL_PAYS_LOIRE,4.54,1.3,Running
2025-09-03,EOL_CENTRE,7.03,0.9,Running
2025-09-04,EOL_NORMANDIE,6.85,0.7,Running
2025-09-04,EOL_BRETAGNE,8.42,1.6,Maintenance
2025-09-04,EOL_PICARDIE,9.88,0.2,Fault
2025-09-04,EOL_PAYS_LOIRE,7.74,1.4,Running
2025-09-04,EOL_CENTRE,5.32,0.5,Running
2025-09-05,EOL_NORMANDIE,16.49,1.4,Running
2025-09-05,EOL_BRETAGNE,12.83,0.4,Running
2025-09-05,EOL_PICARDIE,14.65,0.9,Running
2025-09-05,EOL_PAYS_LOIRE,7.46,1.5,Running
2025-09-05,EOL_CENTRE,8.95,0.8,Running
2025-09-06,EOL_NORMANDIE,7.31,1.2,Running
2025-09-06,EOL_BRETAGNE,8.44,1.3,Running
2025-09-06,EOL_PICARDIE,8.6,1.2,Brake
2025-09-06,EOL_PAYS_LOIRE,4.83,1.6,Running
2025-09-06,EOL_CENTRE,7.08,0.8,Running
2025-09-07,EOL_NORMANDIE,11.4,0.4,Running
2025-09-07,EOL_BRETAGNE,11.04,0.2,Running
2025-09-07,EOL_PICARDIE,7.03,0.5,Running
2025-09-07,EOL_PAYS_LOIRE,8.66,0.4,Running
2025-09-07,EOL_CENTRE,7.23,0.9,Running
2025-09-08,EOL_NORMANDIE,10.02,0.5,Running
2025-09-08,EOL_BRETAGNE,4.15,0.2,Maintenance
2025-09-08,EOL_PICARDIE,9.56,0.2,Running
2025-09-08,EOL_PAYS_LOIRE,13.15,1.3,Running
2025-09-08,EOL_CENTRE,6.1,0.9,Brake
2025-09-09,EOL_NORMANDIE,12.48,0.7,Maintenance
2025-09-09,EOL_BRETAGNE,8.82,1.5,Running
2025-09-09,EOL_PICARDIE,7.73,0.3,Running
2025-09-09,EOL_PAYS_LOIRE,7.01,2.0,Running
2025-09-09,EOL_CENTRE,12.64,1.0,Running
2025-09-10,EOL_NORMANDIE,7.24,0.5,Running
2025-09-10,EOL_BRETAGNE,13.88,1.1,Running
2025-09-10,EOL_PICARDIE,13.28,1.2,Running
2025-09-10,EOL_PAYS_LOIRE,6.64,0.7,Running
2025-09-10,EOL_CENTRE,7.44,1.4,Running
2025-09-11,EOL_NORMANDIE,3.66,0.4,Running
2025-09-11,EOL_BRETAGNE,7.83,0.6,Running
2025-09-11,EOL_PICARDIE,8.19,0.3,Running
2025-09-11,EOL_PAYS_LOIRE,11.84,0.5,Running
2025-09-11,EOL_CENTRE,13.55,0.5,Running
2025-09-12,EOL_NORMANDIE,10.36,1.6,Running
2025-09-12,EOL_BRETAGNE,11.49,0.3,Running
2025-09-12,EOL_PICARDIE,7.43,0.7,Running
2025-09-12,EOL_PAYS_LOIRE,4.95,0.9,Brake
2025-09-12,EOL_CENTRE,8.82,1.5,Duplicate
2025-09-13,EOL_NORMANDIE,11.77,2.5,Running
2025-09-13,EOL_BRETAGNE,2.55,1.2,Brake
2025-09-13,EOL_PICARDIE,8.33,1.9,Running
2025-09-13,EOL_PAYS_LOIRE,3.86,1.2,Running
2025-09-13,EOL_CENTRE,5.91,1.8,Duplicate
2025-09-14,EOL_NORMANDIE,8.45,1.1,Running
2025-09-14,EOL_BRETAGNE,13.63,0.3,Running
2025-09-14,EOL_PICARDIE,8.02,0.7,Running
2025-09-14,EOL_PAYS_LOIRE,10.11,1.0,Running
2025-09-14,EOL_CENTRE,8.79,0.7,Running
2025-09-15,EOL_NORMANDIE,6.05,0.6,Running
2025-09-15,EOL_BRETAGNE,9.41,0.9,Running
2025-09-15,EOL_PICARDIE,4.89,1.6,Running
2025-09-15,EOL_PAYS_LOIRE,7.98,0.2,Running
2025-09-15,EOL_CENTRE,12.55,1.2,Fault
2025-09-16,EOL_NORMANDIE,8.54,1.1,Maintenance
2025-09-16,EOL_BRETAGNE,8.79,1.8,Running
2025-09-16,EOL_PICARDIE,7.03,1.6,Running
2025-09-16,EOL_PAYS_LOIRE,4.27,1.2,Maintenance
2025-09-16,EOL_CENTRE,7.33,0.9,Running
2025-09-17,EOL_NORMANDIE,10.83,0.5,Running
2025-09-17,EOL_BRETAGNE,9.19,0.9,Running
2025-09-17,EOL_PICARDIE,5.0,1.2,Brake
2025-09-17,EOL_PAYS_LOIRE,3.78,1.5,Running
2025-09-17,EOL_CENTRE,6.02,1.2,Running
2025-09-18,EOL_NORMANDIE,7.36,0.5,Running
2025-09-18,EOL_BRETAGNE,7.55,1.0,Running
2025-09-18,EOL_PICARDIE,7.59,0.6,Running
2025-09-18,EOL_PAYS_LOIRE,7.99,0.1,Running
2025-09-18,EOL_CENTRE,9.31,0.5,Running
2025-09-19,EOL_NORMANDIE,6.85,0.3,Running
2025-09-19,EOL_BRETAGNE,5.53,1.4,Running
2025-09-19,EOL_PICARDIE,9.7,0.5,Maintenance
2025-09-19,EOL_PAYS_LOIRE,10.93,0.6,Brake
2025-09-19,EOL_CENTRE,6.45,1.8,Running
2025-09-20,EOL_NORMANDIE,15.61,0.7,Running
2025-09-20,EOL_BRETAGNE,13.36,0.1,Running
2025-09-20,EOL_PICARDIE,5.14,0.6,Running
2025-09-20,EOL_PAYS_LOIRE,3.89,0.4,Running
2025-09-20,EOL_CENTRE,7.47,0.3,Running
2025-09-21,EOL_NORMANDIE,8.81,0.3,Running
2025-09-21,EOL_BRETAGNE,15.53,0.9,Running
2025-09-21,EOL_PICARDIE,15.32,0.5,Fault
2025-09-21,EOL_PAYS_LOIRE,10.12,0.7,Running
2025-09-21,EOL_CENTRE,6.9,1.4,Running
2025-09-22,EOL_NORMANDIE,12.04,0.7,Running
2025-09-22,EOL_BRETAGNE,8.35,1.6,Brake
2025-09-22,EOL_PICARDIE,4.72,0.8,Maintenance
2025-09-22,EOL_PAYS_LOIRE,4.79,0.7,Running
2025-09-22,EOL_CENTRE,6.92,1.2,Running
2025-09-23,EOL_NORMANDIE,11.29,0.3,Running
2025-09-23,EOL_BRETAGNE,5.31,0.3,Running
2025-09-23,EOL_PICARDIE,6.92,1.0,Running
2025-09-23,EOL_PAYS_LOIRE,13.31,0.8,Running
2025-09-23,EOL_CENTRE,9.19,1.3,Running
2025-09-24,EOL_NORMANDIE,14.67,1.6,Running
2025-09-24,EOL_BRETAGNE,9.58,0.7,Running
2025-09-24,EOL_PICARDIE,11.44,1.0,Running
2025-09-24,EOL_PAYS_LOIRE,6.97,0.8,Running
2025-09-24,EOL_CENTRE,13.65,2.0,Maintenance
2025-09-25,EOL_NORMANDIE,10.23,1.3,Running
2025-09-25,EOL_BRETAGNE,7.64,1.6,Brake
2025-09-25,EOL_PICARDIE,12.67,0.5,Running
2025-09-25,EOL_PAYS_LOIRE,10.07,1.2,Fault
2025-09-25,EOL_CENTRE,7.92,0.6,Brake
2025-09-26,EOL_NORMANDIE,9.69,0.5,Running
2025-09-26,EOL_BRETAGNE,5.72,1.7,Fault
2025-09-26,EOL_PICARDIE,12.05,0.1,Running
2025-09-26,EOL_PAYS_LOIRE,15.42,1.8,Running
2025-09-26,EOL_CENTRE,4.19,0.4,Running
2025-09-27,EOL_NORMANDIE,6.42,1.3,Running
2025-09-27,EOL_BRETAGNE,6.22,0.6,Running
2025-09-27,EOL_PICARDIE,10.47,0.7,Running
2025-09-27,EOL_PAYS_LOIRE,8.64,0.5,Running
2025-09-27,EOL_CENTRE,6.79,0.9,Running
2025-09-28,EOL_NORMANDIE,7.18,0.7,Running
2025-09-28,EOL_BRETAGNE,6.55,1.0,Running
2025-09-28,EOL_PICARDIE,9.99,0.1,Running
2025-09-28,EOL_PAYS_LOIRE,8.59,0.3,Brake
2025-09-28,EOL_CENTRE,7.05,0.3,Running
2025-09-29,EOL_NORMANDIE,6.6,0.7,Running
2025-09-29,EOL_BRETAGNE,12.76,1.3,Maintenance
2025-09-29,EOL_PICARDIE,11.94,1.5,Running
2025-09-29,EOL_PAYS_LOIRE,10.03,0.5,Running
2025-09-29,EOL_CENTRE,11.47,0.9,Running
2025-09-30,EOL_NORMANDIE,4.74,1.2,Running
2025-09-30,EOL_BRETAGNE,5.29,0.6,Duplicate
2025-09-30,EOL_PICARDIE,5.07,0.7,Running
2025-09-30,EOL_PAYS_LOIRE,8.02,0.9,Running
2025-09-30,EOL_CENTRE,11.61,0.4,Running
2025-10-01,EOL_NORMANDIE,6.82,0.2,Running
2025-10-01,EOL_BRETAGNE,12.2,0.4,Maintenance
2025-10-01,EOL_PICARDIE,6.41,1.0,Fault
2025-10-01,EOL_PAYS_LOIRE,7.61,0.3,Brake
2025-10-01,EOL_CENTRE,6.79,0.5,Running
2025-10-02,EOL_NORMANDIE,7.39,0.6,Running
2025-10-02,EOL_BRETAGNE,7.69,0.3,Running
2025-10-02,EOL_PICARDIE,3.85,0.5,Running
2025-10-02,EOL_PAYS_LOIRE,9.09,1.6,Running
2025-10-02,EOL_CENTRE,7.62,0.1,Running
2025-10-03,EOL_NORMANDIE,13.64,1.0,Brake
2025-10-03,EOL_BRETAGNE,9.85,0.7,Running
2025-10-03,EOL_PICARDIE,8.95,1.1,Running
2025-10-03,EOL_PAYS_LOIRE,13.33,0.9,Running
2025-10-03,EOL_CENTRE,12.82,0.5,Running
2025-10-04,EOL_NORMANDIE,13.87,1.4,Running
2025-10-04,EOL_BRETAGNE,6.56,0.8,Running
2025-10-04,EOL_PICARDIE,5.02,1.3,Running
2025-10-04,EOL_PAYS_LOIRE,3.85,0.7,Running
2025-10-04,EOL_CENTRE,11.41,2.0,Running
2025-10-05,EOL_NORMANDIE,3.61,1.2,Running
2025-10-05,EOL_BRETAGNE,8.63,1.8,Running
2025-10-05,EOL_PICARDIE,10.79,0.8,Running
2025-10-05,EOL_PAYS_LOIRE,4.34,0.8,Running
2025-10-05,EOL_CENTRE,5.46,1.2,Fault
2025-10-06,EOL_NORMANDIE,12.02,1.5,Running
2025-10-06,EOL_BRETAGNE,9.56,1.8,Running
2025-10-06,EOL_PICARDIE,12.0,0.6,Maintenance
2025-10-06,EOL_PAYS_LOIRE,8.7,1.3,Running
2025-10-06,EOL_CENTRE,5.52,0.5,Running
2025-10-07,EOL_NORMANDIE,6.73,0.9,Running
2025-10-07,EOL_BRETAGNE,10.98,0.4,Running
2025-10-07,EOL_PICARDIE,4.18,0.7,Brake
2025-10-07,EOL_PAYS_LOIRE,6.52,1.6,Running
2025-10-07,EOL_CENTRE,6.18,0.4,Running
2025-10-08,EOL_NORMANDIE,7.73,1.0,Running
2025-10-08,EOL_BRETAGNE,9.97,0.9,Running
2025-10-08,EOL_PICARDIE,11.88,0.4,Running
2025-10-08,EOL_PAYS_LOIRE,4.62,0.6,Running
2025-10-08,EOL_CENTRE,5.66,0.9,Running
2025-10-09,EOL_NORMANDIE,4.82,0.5,Running
2025-10-09,EOL_BRETAGNE,7.84,1.3,Fault
2025-10-09,EOL_PICARDIE,5.05,1.9,Running
2025-10-09,EOL_PAYS_LOIRE,9.07,0.5,Running
2025-10-09,EOL_CENTRE,5.31,0.5,Running
2025-10-10,EOL_NORMANDIE,12.48,0.8,Fault
2025-10-10,EOL_BRETAGNE,3.91,1.2,Running
2025-10-10,EOL_PICARDIE,5.74,0.6,Maintenance
2025-10-10,EOL_PAYS_LOIRE,13.93,0.1,Running
2025-10-10,EOL_CENTRE,8.55,0.9,Maintenance
2025-10-11,EOL_NORMANDIE,6.56,1.8,Running
2025-10-11,EOL_BRETAGNE,19.17,0.7,Running
2025-10-11,EOL_PICARDIE,7.17,0.7,Running
2025-10-11,EOL_PAYS_LOIRE,9.82,1.9,Maintenance
2025-10-11,EOL_CENTRE,5.83,1.1,Running
2025-10-12,EOL_NORMANDIE,5.44,1.1,Brake
2025-10-12,EOL_BRETAGNE,10.04,0.9,Fault
2025-10-12,EOL_PICARDIE,14.4,1.9,Running
2025-10-12,EOL_PAYS_LOIRE,6.67,1.1,Running
2025-10-12,EOL_CENTRE,5.29,1.5,Running
2025-10-13,EOL_NORMANDIE,11.33,1.1,Brake
2025-10-13,EOL_BRETAGNE,6.7,1.2,Running
2025-10-13,EOL_PICARDIE,9.11,0.6,Brake
2025-10-13,EOL_PAYS_LOIRE,6.6,0.6,Running
2025-10-13,EOL_CENTRE,7.01,1.2,Running
2025-10-14,EOL_NORMANDIE,5.65,0.6,Running
2025-10-14,EOL_BRETAGNE,10.14,0.9,Running
2025-10-14,EOL_PICARDIE,9.21,0.5,Brake
2025-10-14,EOL_PAYS_LOIRE,9.09,1.3,Running
2025-10-14,EOL_CENTRE,6.06,0.3,Running
2025-10-15,EOL_NORMANDIE,8.92,1.3,Running
2025-10-15,EOL_BRETAGNE,15.15,1.0,Running
2025-10-15,EOL_PICARDIE,5.3,0.5,Running
2025-10-15,EOL_PAYS_LOIRE,5.85,0.9,Running
2025-10-15,EOL_CENTRE,5.97,0.6,Brake
2025-10-16,EOL_NORMANDIE,8.27,0.6,Running
2025-10-16,EOL_BRETAGNE,5.15,0.7,Running
2025-10-16,EOL_PICARDIE,9.56,0.3,Running
2025-10-16,EOL_PAYS_LOIRE,3.74,2.1,Running
2025-10-16,EOL_CENTRE,10.59,0.2,Running
2025-10-17,EOL_NORMANDIE,9.03,1.0,Running
2025-10-17,EOL_BRETAGNE,15.01,0.7,Running
2025-10-17,EOL_PICARDIE,5.4,1.0,Running
2025-10-17,EOL_PAYS_LOIRE,11.5,0.7,Running
2025-10-17,EOL_CENTRE,7.63,1.1,Running
2025-10-18,EOL_NORMANDIE,7.07,1.1,Fault
2025-10-18,EOL_BRETAGNE,5.3,1.1,Running
2025-10-18,EOL_PICARDIE,6.63,0.3,Running
2025-10-18,EOL_PAYS_LOIRE,6.75,1.0,Running
2025-10-18,EOL_CENTRE,4.35,0.6,Running
2025-10-19,EOL_NORMANDIE,9.0,0.2,Maintenance
2025-10-19,EOL_BRETAGNE,8.57,0.7,Running
2025-10-19,EOL_PICARDIE,9.81,0.8,Running
2025-10-19,EOL_PAYS_LOIRE,6.31,0.8,Running
2025-10-19,EOL_CENTRE,10.74,1.1,Running
2025-10-20,EOL_NORMANDIE,12.73,0.6,Running
2025-10-20,EOL_BRETAGNE,7.27,0.6,Maintenance
2025-10-20,EOL_PICARDIE,5.44,0.2,Running
2025-10-20,EOL_PAYS_LOIRE,8.11,1.1,Running
2025-10-20,EOL_CENTRE,7.98,0.9,Running
2025-10-21,EOL_NORMANDIE,7.42,0.7,Running
2025-10-21,EOL_BRETAGNE,9.82,1.1,Running
2025-10-21,EOL_PICARDIE,6.95,0.9,Running
2025-10-21,EOL_PAYS_LOIRE,5.27,0.8,Running
2025-10-21,EOL_CENTRE,8.39,0.8,Running
2025-10-22,EOL_NORMANDIE,9.99,1.0,Brake
2025-10-22,EOL_BRETAGNE,10.3,1.0,Running
2025-10-22,EOL_PICARDIE,6.78,0.6,Fault
2025-10-22,EOL_PAYS_LOIRE,8.83,0.4,Running
2025-10-22,EOL_CENTRE,12.86,0.4,Running
2025-10-23,EOL_NORMANDIE,12.82,1.0,Maintenance
2025-10-23,EOL_BRETAGNE,11.63,1.4,Running
2025-10-23,EOL_PICARDIE,4.24,0.7,Maintenance
2025-10-23,EOL_PAYS_LOIRE,6.97,0.4,Running
2025-10-23,EOL_CENTRE,12.51,1.2,Running
2025-10-24,EOL_NORMANDIE,4.23,1.3,Running
2025-10-24,EOL_BRETAGNE,7.74,1.5,Brake
2025-10-24,EOL_PICARDIE,6.27,1.0,Brake
2025-10-24,EOL_PAYS_LOIRE,8.9,1.4,Running
2025-10-24,EOL_CENTRE,3.23,0.1,Running
2025-10-25,EOL_NORMANDIE,12.06,0.3,Running
2025-10-25,EOL_BRETAGNE,7.88,0.3,Duplicate
2025-10-25,EOL_PICARDIE,5.14,1.1,Running
2025-10-25,EOL_PAYS_LOIRE,5.94,0.3,Running
2025-10-25,EOL_CENTRE,9.01,0.8,Running
2025-10-26,EOL_NORMANDIE,5.76,0.8,Running
2025-10-26,EOL_BRETAGNE,14.23,0.6,Running
2025-10-26,EOL_PICARDIE,7.54,1.4,Fault
2025-10-26,EOL_PAYS_LOIRE,13.24,0.4,Running
2025-10-26,EOL_CENTRE,8.39,0.7,Fault
2025-10-27,EOL_NORMANDIE,10.14,1.2,Running
2025-10-27,EOL_BRETAGNE,9.91,0.2,Running
2025-10-27,EOL_PICARDIE,6.57,1.1,Running
2025-10-27,EOL_PAYS_LOIRE,10.18,1.3,Running
2025-10-27,EOL_CENTRE,6.78,1.6,Brake
2025-10-28,EOL_NORMANDIE,4.07,1.4,Running
2025-10-28,EOL_BRETAGNE,7.29,0.6,Running
2025-10-28,EOL_PICARDIE,4.86,0.9,Running
2025-10-28,EOL_PAYS_LOIRE,6.69,0.3,Running
2025-10-28,EOL_CENTRE,7.78,0.5,Duplicate
2025-10-29,EOL_NORMANDIE,5.5,0.3,Running
2025-10-29,EOL_BRETAGNE,9.65,0.6,Running
2025-10-29,EOL_PICARDIE,6.75,1.4,Running
2025-10-29,EOL_PAYS_LOIRE,4.8,0.7,Running
2025-10-29,EOL_CENTRE,5.54,0.9,Running
2025-10-30,EOL_NORMANDIE,8.2,0.8,Running
2025-10-30,EOL_BRETAGNE,7.17,0.8,Running
2025-10-30,EOL_PICARDIE,8.78,1.9,Running
2025-10-30,EOL_PAYS_LOIRE,8.23,0.6,Duplicate
2025-10-30,EOL_CENTRE,5.34,1.0,Running
2025-10-31,EOL_NORMANDIE,6.21,0.7,Running
2025-10-31,EOL_BRETAGNE,10.71,0.3,Duplicate
2025-10-31,EOL_PICARDIE,5.68,0.8,Maintenance
2025-10-31,EOL_PAYS_LOIRE,13.35,1.3,Duplicate
2025-10-31,EOL_CENTRE,4.4,0.3,Fault
2025-11-01,EOL_NORMANDIE,10.58,0.3,Running
2025-11-01,EOL_BRETAGNE,7.58,0.4,Running
2025-11-01,EOL_PICARDIE,5.35,1.2,Running
2025-11-01,EOL_PAYS_LOIRE,8.12,1.1,Running
2025-11-01,EOL_CENTRE,5.75,0.9,Maintenance
2025-11-02,EOL_NORMANDIE,6.37,0.8,Running
2025-11-02,EOL_BRETAGNE,6.81,1.5,Running
2025-11-02,EOL_PICARDIE,10.27,1.2,Running
2025-11-02,EOL_PAYS_LOIRE,6.18,1.3,Running
2025-11-02,EOL_CENTRE,8.58,1.3,Brake
2025-11-03,EOL_NORMANDIE,10.42,1.0,Running
2025-11-03,EOL_BRETAGNE,8.04,0.8,Running
2025-11-03,EOL_PICARDIE,9.06,1.4,Brake
2025-11-03,EOL_PAYS_LOIRE,7.76,1.6,Running
2025-11-03,EOL_CENTRE,9.57,0.2,Running
2025-11-04,EOL_NORMANDIE,4.75,0.2,Running
2025-11-04,EOL_BRETAGNE,12.9,1.8,Running
2025-11-04,EOL_PICARDIE,3.58,0.6,Maintenance
2025-11-04,EOL_PAYS_LOIRE,6.03,1.4,Running
2025-11-04,EOL_CENTRE,7.61,0.7,Running
2025-11-05,EOL_NORMANDIE,3.58,0.4,Running
2025-11-05,EOL_BRETAGNE,6.48,0.3,Brake
2025-11-05,EOL_PICARDIE,8.71,0.4,Running
2025-11-05,EOL_PAYS_LOIRE,13.56,0.5,Brake
2025-11-05,EOL_CENTRE,9.73,0.8,Running
2025-11-06,EOL_NORMANDIE,6.67,1.1,Running
2025-11-06,EOL_BRETAGNE,4.26,2.1,Fault
2025-11-06,EOL_PICARDIE,12.35,0.8,Running
2025-11-06,EOL_PAYS_LOIRE,6.55,0.9,Running
2025-11-06,EOL_CENTRE,8.7,0.9,Running
2025-11-07,EOL_NORMANDIE,6.68,0.9,Running
2025-11-07,EOL_BRETAGNE,9.1,0.9,Running
2025-11-07,EOL_PICARDIE,12.14,0.1,Running
2025-11-07,EOL_PAYS_LOIRE,10.22,0.0,Running
2025-11-07,EOL_CENTRE,7.12,0.3,Maintenance
2025-11-08,EOL_NORMANDIE,12.46,0.3,Running
2025-11-08,EOL_BRETAGNE,14.67,1.1,Running
2025-11-08,EOL_PICARDIE,11.18,0.5,Duplicate
2025-11-08,EOL_PAYS_LOIRE,6.75,1.5,Running
2025-11-08,EOL_CENTRE,10.59,1.6,Running
2025-11-09,EOL_NORMANDIE,11.13,1.9,Running
2025-11-09,EOL_BRETAGNE,7.17,1.7,Running
2025-11-09,EOL_PICARDIE,14.67,0.6,Running
2025-11-09,EOL_PAYS_LOIRE,11.93,0.8,Running
2025-11-09,EOL_CENTRE,7.31,0.4,Running
2025-11-10,EOL_NORMANDIE,6.75,1.3,Running
2025-11-10,EOL_BRETAGNE,11.04,1.5,Running
2025-11-10,EOL_PICARDIE,16.16,1.4,Running
2025-11-10,EOL_PAYS_LOIRE,4.87,0.8,Running
2025-11-10,EOL_CENTRE,9.26,1.2,Running
2025-11-11,EOL_NORMANDIE,10.51,0.3,Running
2025-11-11,EOL_BRETAGNE,12.1,0.2,Running
2025-11-11,EOL_PICARDIE,10.55,1.2,Fault
2025-11-11,EOL_PAYS_LOIRE,6.58,0.7,Brake
2025-11-11,EOL_CENTRE,4.66,2.3,Brake
2025-11-12,EOL_NORMANDIE,7.03,0.3,Running
2025-11-12,EOL_BRETAGNE,10.42,1.4,Running
2025-11-12,EOL_PICARDIE,6.32,0.8,Running
2025-11-12,EOL_PAYS_LOIRE,12.8,1.3,Running
2025-11-12,EOL_CENTRE,7.52,1.3,Running
2025-11-13,EOL_NORMANDIE,6.18,1.6,Running
2025-11-13,EOL_BRETAGNE,9.64,0.6,Running
2025-11-13,EOL_PICARDIE,7.23,1.7,Running
2025-11-13,EOL_PAYS_LOIRE,6.68,0.4,Duplicate
2025-11-13,EOL_CENTRE,15.4,0.3,Running
2025-11-14,EOL_NORMANDIE,6.31,0.8,Maintenance
2025-11-14,EOL_BRETAGNE,6.94,1.3,Running
2025-11-14,EOL_PICARDIE,9.69,0.8,Brake
2025-11-14,EOL_PAYS_LOIRE,12.73,1.3,Running
2025-11-14,EOL_CENTRE,9.35,1.1,Fault
2025-11-15,EOL_NORMANDIE,8.19,0.5,Running
2025-11-15,EOL_BRETAGNE,16.09,1.7,Running
2025-11-15,EOL_PICARDIE,6.81,0.3,Running
2025-11-15,EOL_PAYS_LOIRE,6.83,1.5,Running
2025-11-15,EOL_CENTRE,6.34,0.6,Brake
2025-11-16,EOL_NORMANDIE,9.14,0.8,Duplicate
2025-11-16,EOL_BRETAGNE,5.65,0.7,Running
2025-11-16,EOL_PICARDIE,5.11,0.4,Running
2025-11-16,EOL_PAYS_LOIRE,6.93,0.7,Running
2025-11-16,EOL_CENTRE,4.18,0.5,Maintenance
2025-11-17,EOL_NORMANDIE,8.7,0.5,Running
2025-11-17,EOL_BRETAGNE,9.15,0.5,Running
2025-11-17,EOL_PICARDIE,9.72,0.8,Running
2025-11-17,EOL_PAYS_LOIRE,10.76,1.3,Running
2025-11-17,EOL_CENTRE,7.0,0.9,Running
2025-11-18,EOL_NORMANDIE,12.18,1.5,Running
2025-11-18,EOL_BRETAGNE,11.73,1.0,Running
2025-11-18,EOL_PICARDIE,5.35,1.1,Maintenance
2025-11-18,EOL_PAYS_LOIRE,7.77,1.0,Running
2025-11-18,EOL_CENTRE,3.02,0.8,Running
2025-11-19,EOL_NORMANDIE,12.24,1.1,Running
2025-11-19,EOL_BRETAGNE,10.69,0.3,Running
2025-11-19,EOL_PICARDIE,13.28,1.4,Running
2025-11-19,EOL_PAYS_LOIRE,4.38,1.2,Duplicate
2025-11-19,EOL_CENTRE,9.45,0.5,Maintenance
2025-11-20,EOL_NORMANDIE,6.5,1.2,Brake
2025-11-20,EOL_BRETAGNE,3.55,0.1,Fault
2025-11-20,EOL_PICARDIE,11.27,0.5,Running
2025-11-20,EOL_PAYS_LOIRE,4.91,0.3,Running
2025-11-20,EOL_CENTRE,9.0,1.2,Running
2025-11-21,EOL_NORMANDIE,6.48,1.2,Maintenance
2025-11-21,EOL_BRETAGNE,8.43,1.3,Running
2025-11-21,EOL_PICARDIE,10.81,0.1,Running
2025-11-21,EOL_PAYS_LOIRE,8.44,0.8,Running
2025-11-21,EOL_CENTRE,5.6,1.1,Running
2025-11-22,EOL_NORMANDIE,15.55,0.4,Running
2025-11-22,EOL_BRETAGNE,7.04,1.0,Brake
2025-11-22,EOL_PICARDIE,6.02,0.3,Running
2025-11-22,EOL_PAYS_LOIRE,7.68,0.4,Brake
2025-11-22,EOL_CENTRE,4.42,0.8,Running
2025-11-23,EOL_NORMANDIE,6.22,1.0,Running
2025-11-23,EOL_BRETAGNE,7.2,0.4,Fault
2025-11-23,EOL_PICARDIE,8.69,0.5,Brake
2025-11-23,EOL_PAYS_LOIRE,8.07,0.5,Running
2025-11-23,EOL_CENTRE,9.46,0.5,Running
2025-11-24,EOL_NORMANDIE,7.8,0.5,Running
2025-11-24,EOL_BRETAGNE,11.68,0.7,Running
2025-11-24,EOL_PICARDIE,10.05,1.0,Running
2025-11-24,EOL_PAYS_LOIRE,9.19,0.8,Fault
2025-11-24,EOL_CENTRE,12.38,1.2,Running
2025-11-25,EOL_NORMANDIE,12.38,1.1,Running
2025-11-25,EOL_BRETAGNE,8.29,0.4,Running
2025-11-25,EOL_PICARDIE,6.91,0.2,Brake
2025-11-25,EOL_PAYS_LOIRE,8.57,1.5,Fault
2025-11-25,EOL_CENTRE,7.55,0.3,Running
2025-11-26,EOL_NORMANDIE,6.81,0.4,Running
2025-11-26,EOL_BRETAGNE,8.45,0.1,Maintenance
2025-11-26,EOL_PICARDIE,9.08,1.0,Running
2025-11-26,EOL_PAYS_LOIRE,9.87,0.9,Running
2025-11-26,EOL_CENTRE,13.11,2.1,Brake
2025-11-27,EOL_NORMANDIE,8.75,1.5,Duplicate
2025-11-27,EOL_BRETAGNE,7.86,0.7,Running
2025-11-27,EOL_PICARDIE,11.16,0.7,Running
2025-11-27,EOL_PAYS_LOIRE,5.81,0.6,Running
2025-11-27,EOL_CENTRE,4.19,0.4,Running
2025-11-28,EOL_NORMANDIE,9.4,0.4,Running
2025-11-28,EOL_BRETAGNE,7.03,0.4,Running
2025-11-28,EOL_PICARDIE,7.22,0.3,Running
2025-11-28,EOL_PAYS_LOIRE,5.76,0.5,Running
2025-11-28,EOL_CENTRE,11.99,0.6,Running
2025-11-29,EOL_NORMANDIE,4.26,1.8,Running
2025-11-29,EOL_BRETAGNE,9.74,0.9,Running
2025-11-29,EOL_PICARDIE,7.9,2.1,Running
2025-11-29,EOL_PAYS_LOIRE,13.42,0.7,Running
2025-11-29,EOL_CENTRE,11.18,0.8,Running
2025-11-30,EOL_NORMANDIE,5.18,0.6,Maintenance
2025-11-30,EOL_BRETAGNE,10.05,0.4,Running
2025-11-30,EOL_PICARDIE,9.3,0.4,Duplicate
2025-11-30,EOL_PAYS_LOIRE,7.69,1.7,Running
2025-11-30,EOL_CENTRE,9.77,2.1,Running
2025-12-01,EOL_NORMANDIE,6.21,0.2,Running
2025-12-01,EOL_BRETAGNE,8.19,0.4,Running
2025-12-01,EOL_PICARDIE,7.95,0.7,Maintenance
2025-12-01,EOL_PAYS_LOIRE,5.87,0.5,Fault
2025-12-01,EOL_CENTRE,7.03,0.7,Duplicate
2025-12-02,EOL_NORMANDIE,6.6,0.4,Running
2025-12-02,EOL_BRETAGNE,9.08,0.8,Running
2025-12-02,EOL_PICARDIE,12.24,0.6,Running
2025-12-02,EOL_PAYS_LOIRE,4.76,0.7,Running
2025-12-02,EOL_CENTRE,9.18,0.3,Running
2025-12-03,EOL_NORMANDIE,6.51,0.7,Maintenance
2025-12-03,EOL_BRETAGNE,10.93,2.0,Brake
2025-12-03,EOL_PICARDIE,9.14,0.6,Running
2025-12-03,EOL_PAYS_LOIRE,4.32,1.4,Running
2025-12-03,EOL_CENTRE,8.45,1.4,Running
2025-12-04,EOL_NORMANDIE,7.54,1.7,Running
2025-12-04,EOL_BRETAGNE,4.94,1.2,Running
2025-12-04,EOL_PICARDIE,6.54,1.0,Brake
2025-12-04,EOL_PAYS_LOIRE,8.31,1.4,Running
2025-12-04,EOL_CENTRE,6.61,0.3,Running
2025-12-05,EOL_NORMANDIE,11.38,0.8,Running
2025-12-05,EOL_BRETAGNE,7.52,2.1,Running
2025-12-05,EOL_PICARDIE,6.37,1.2,Fault
2025-12-05,EOL_PAYS_LOIRE,8.48,1.8,Running
2025-12-05,EOL_CENTRE,8.88,1.2,Duplicate
2025-12-06,EOL_NORMANDIE,10.96,1.4,Running
2025-12-06,EOL_BRETAGNE,8.07,1.1,Running
2025-12-06,EOL_PICARDIE,1.06,1.2,Running
2025-12-06,EOL_PAYS_LOIRE,8.75,0.9,Running
2025-12-06,EOL_CENTRE,7.03,1.6,Running
2025-12-07,EOL_NORMANDIE,13.54,1.3,Running
2025-12-07,EOL_BRETAGNE,9.12,1.4,Running
2025-12-07,EOL_PICARDIE,8.38,1.1,Running
2025-12-07,EOL_PAYS_LOIRE,6.61,0.6,Duplicate
2025-12-07,EOL_CENTRE,11.48,0.2,Duplicate
2025-12-08,EOL_NORMANDIE,4.15,1.7,Running
2025-12-08,EOL_BRETAGNE,8.5,0.9,Fault
2025-12-08,EOL_PICARDIE,6.24,0.6,Running
2025-12-08,EOL_PAYS_LOIRE,10.56,0.4,Running
2025-12-08,EOL_CENTRE,8.91,1.3,Running
2025-12-09,EOL_NORMANDIE,8.43,1.3,Fault
2025-12-09,EOL_BRETAGNE,5.39,1.3,Running
2025-12-09,EOL_PICARDIE,7.73,1.0,Running
2025-12-09,EOL_PAYS_LOIRE,9.04,0.7,Running
2025-12-09,EOL_CENTRE,10.97,0.6,Running
2025-12-10,EOL_NORMANDIE,9.46,0.1,Running
2025-12-10,EOL_BRETAGNE,10.56,1.3,Running
2025-12-10,EOL_PICARDIE,4.62,0.3,Running
2025-12-10,EOL_PAYS_LOIRE,8.36,1.0,Duplicate
2025-12-10,EOL_CENTRE,11.12,0.8,Maintenance
2025-12-11,EOL_NORMANDIE,3.22,0.9,Brake
2025-12-11,EOL_BRETAGNE,7.3,1.6,Running
2025-12-11,EOL_PICARDIE,9.07,0.2,Running
2025-12-11,EOL_PAYS_LOIRE,11.67,1.2,Running
2025-12-11,EOL_CENTRE,8.22,0.2,Running
2025-12-12,EOL_NORMANDIE,7.89,0.2,Fault
2025-12-12,EOL_BRETAGNE,8.78,0.7,Running
2025-12-12,EOL_PICARDIE,9.1,0.3,Brake
2025-12-12,EOL_PAYS_LOIRE,5.74,1.2,Running
2025-12-12,EOL_CENTRE,6.61,0.9,Maintenance
2025-12-13,EOL_NORMANDIE,3.88,0.2,Running
2025-12-13,EOL_BRETAGNE,6.24,0.2,Running
2025-12-13,EOL_PICARDIE,5.25,1.0,Running
2025-12-13,EOL_PAYS_LOIRE,5.72,1.3,Running
2025-12-13,EOL_CENTRE,16.13,0.8,Running
2025-12-14,EOL_NORMANDIE,11.41,0.9,Running
2025-12-14,EOL_BRETAGNE,5.29,1.3,Running
2025-12-14,EOL_PICARDIE,4.8,1.0,Fault
2025-12-14,EOL_PAYS_LOIRE,6.38,0.5,Running
2025-12-14,EOL_CENTRE,4.74,1.0,Running
2025-12-15,EOL_NORMANDIE,8.7,1.0,Running
2025-12-15,EOL_BRETAGNE,8.65,1.2,Running
2025-12-15,EOL_PICARDIE,5.69,1.0,Running
2025-12-15,EOL_PAYS_LOIRE,10.08,1.9,Running
2025-12-15,EOL_CENTRE,10.08,0.5,Running
2025-12-16,EOL_NORMANDIE,6.14,1.7,Running
2025-12-16,EOL_BRETAGNE,5.62,0.9,Running
2025-12-16,EOL_PICARDIE,6.8,1.1,Running
2025-12-16,EOL_PAYS_LOIRE,9.64,0.3,Running
2025-12-16,EOL_CENTRE,15.61,0.7,Running
2025-12-17,EOL_NORMANDIE,9.55,1.2,Running
2025-12-17,EOL_BRETAGNE,5.13,1.1,Running
2025-12-17,EOL_PICARDIE,8.87,0.2,Running
2025-12-17,EOL_PAYS_LOIRE,8.23,0.9,Running
2025-12-17,EOL_CENTRE,8.06,0.3,Running
2025-12-18,EOL_NORMANDIE,4.79,2.3,Duplicate
2025-12-18,EOL_BRETAGNE,8.86,1.5,Running
2025-12-18,EOL_PICARDIE,7.82,0.1,Running
2025-12-18,EOL_PAYS_LOIRE,5.05,1.4,Running
2025-12-18,EOL_CENTRE,14.08,1.6,Running
2025-12-19,EOL_NORMANDIE,4.85,0.7,Running
2025-12-19,EOL_BRETAGNE,9.28,1.1,Maintenance
2025-12-19,EOL_PICARDIE,7.48,0.8,Fault
2025-12-19,EOL_PAYS_LOIRE,6.94,1.0,Running
2025-12-19,EOL_CENTRE,12.17,0.6,Running
2025-12-20,EOL_NORMANDIE,10.9,0.6,Maintenance
2025-12-20,EOL_BRETAGNE,7.49,0.7,Fault
2025-12-20,EOL_PICARDIE,5.81,0.4,Running
2025-12-20,EOL_PAYS_LOIRE,6.65,1.3,Running
2025-12-20,EOL_CENTRE,7.11,0.7,Running
2025-12-21,EOL_NORMANDIE,10.97,0.7,Running
2025-12-21,EOL_BRETAGNE,9.02,1.5,Running
2025-12-21,EOL_PICARDIE,11.1,0.8,Fault
2025-12-21,EOL_PAYS_LOIRE,4.73,0.9,Running
2025-12-21,EOL_CENTRE,11.44,1.8,Maintenance
2025-12-22,EOL_NORMANDIE,12.82,1.5,Running
2025-12-22,EOL_BRETAGNE,5.95,0.4,Running
2025-12-22,EOL_PICARDIE,10.47,0.8,Running
2025-12-22,EOL_PAYS_LOIRE,12.43,1.9,Running
2025-12-22,EOL_CENTRE,6.4,0.7,Running
2025-12-23,EOL_NORMANDIE,5.22,0.7,Running
2025-12-23,EOL_BRETAGNE,8.57,0.5,Maintenance
2025-12-23,EOL_PICARDIE,3.83,0.3,Maintenance
2025-12-23,EOL_PAYS_LOIRE,11.39,1.2,Running
2025-12-23,EOL_CENTRE,5.67,1.2,Running
2025-12-24,EOL_NORMANDIE,7.21,1.9,Running
2025-12-24,EOL_BRETAGNE,10.09,1.2,Duplicate
2025-12-24,EOL_PICARDIE,9.61,0.5,Running
2025-12-24,EOL_PAYS_LOIRE,9.98,0.2,Running
2025-12-24,EOL_CENTRE,5.94,2.1,Running
2025-12-25,EOL_NORMANDIE,8.84,0.6,Running
2025-12-25,EOL_BRETAGNE,10.69,0.6,Running
2025-12-25,EOL_PICARDIE,6.33,1.5,Maintenance
2025-12-25,EOL_PAYS_LOIRE,14.47,0.9,Maintenance
2025-12-25,EOL_CENTRE,7.33,0.5,Running
2025-12-26,EOL_NORMANDIE,3.71,1.5,Running
2025-12-26,EOL_BRETAGNE,7.31,2.2,Running
2025-12-26,EOL_PICARDIE,12.37,0.3,Brake
2025-12-26,EOL_PAYS_LOIRE,5.54,1.4,Running
2025-12-26,EOL_CENTRE,5.38,0.7,Running
2025-12-27,EOL_NORMANDIE,9.09,0.9,Running
2025-12-27,EOL_BRETAGNE,5.21,1.6,Running
2025-12-27,EOL_PICARDIE,5.13,1.9,Running
2025-12-27,EOL_PAYS_LOIRE,5.79,0.6,Running
2025-12-27,EOL_CENTRE,13.55,0.5,Running
2025-12-28,EOL_NORMANDIE,9.45,0.3,Running
2025-12-28,EOL_BRETAGNE,8.07,0.9,Running
2025-12-28,EOL_PICARDIE,5.93,0.1,Running
2025-12-28,EOL_PAYS_LOIRE,10.64,0.7,Running
2025-12-28,EOL_CENTRE,9.8,0.3,Running
2025-12-29,EOL_NORMANDIE,13.91,0.7,Running
2025-12-29,EOL_BRETAGNE,5.52,0.2,Brake
2025-12-29,EOL_PICARDIE,5.26,1.3,Running
2025-12-29,EOL_PAYS_LOIRE,3.75,0.5,Running
2025-12-29,EOL_CENTRE,9.54,0.6,Running
2025-12-30,EOL_NORMANDIE,8.62,1.4,Running
2025-12-30,EOL_BRETAGNE,6.84,1.2,Running
2025-12-30,EOL_PICARDIE,3.72,0.5,Running
2025-12-30,EOL_PAYS_LOIRE,12.9,0.3,Running
2025-12-30,EOL_CENTRE,8.46,1.1,Running
2025-12-31,EOL_NORMANDIE,11.95,0.7,Brake
2025-12-31,EOL_BRETAGNE,12.37,1.2,Brake
2025-12-31,EOL_PICARDIE,9.44,0.8,Fault
2025-12-31,EOL_PAYS_LOIRE,9.94,0.7,Running
2025-12-31,EOL_CENTRE,6.25,0.8,Brake
2025-04-22,EOL_NORMANDIE,4.57,0.2,Running
2025-12-15,EOL_CENTRE,10.08,0.5,Running
2025-03-01,EOL_PICARDIE,7.54,1.3,Running
2025-05-27,EOL_PAYS_LOIRE,8.06,0.5,Running
2025-07-02,EOL_NORMANDIE,16.27,0.1,Running
2025-05-06,EOL_CENTRE,9.59,1.0,Running
2025-07-26,EOL_CENTRE,2.93,1.3,Running
2025-05-02,EOL_CENTRE,8.34,0.9,Running
2025-05-16,EOL_PAYS_LOIRE,2.99,1.0,Running
2025-05-01,EOL_PICARDIE,5.76,1.1,Running
2025-06-07,EOL_NORMANDIE,7.91,1.9,Running
2025-07-14,EOL_CENTRE,9.38,1.1,Running
2025-04-23,EOL_BRETAGNE,12.92,0.5,Running
2025-11-29,EOL_BRETAGNE,9.74,0.9,Running
2025-02-17,EOL_CENTRE,7.35,1.4,Running
2025-12-09,EOL_NORMANDIE,8.43,1.3,Fault
2025-08-10,EOL_BRETAGNE,14.22,0.1,Maintenance
2025-09-18,EOL_BRETAGNE,7.55,1.0,Running
2025-09-19,EOL_NORMANDIE,6.85,0.3,Running
2025-02-12,EOL_PICARDIE,8.3,0.6,Running
2025-08-25,EOL_BRETAGNE,9.76,0.3,Running
2025-12-01,EOL_NORMANDIE,6.21,0.2,Running
2025-08-24,EOL_NORMANDIE,8.91,0.4,Maintenance
2025-05-21,EOL_CENTRE,5.45,1.2,Running
2025-03-01,EOL_PAYS_LOIRE,7.93,0.6,Running
2025-02-04,EOL_PAYS_LOIRE,7.98,0.3,Maintenance
2025-05-23,EOL_NORMANDIE,8.88,0.6,Brake
2025-03-06,EOL_CENTRE,6.14,0.2,Running
2025-03-24,EOL_PAYS_LOIRE,6.2,1.1,Running
2025-07-25,EOL_BRETAGNE,2.78,1.1,Maintenance
2025-11-09,EOL_BRETAGNE,7.17,1.7,Running
2025-03-08,EOL_BRETAGNE,11.29,2.0,Running
2025-01-06,EOL_CENTRE,5.84,0.4,Running
2025-11-10,EOL_CENTRE,9.26,1.2,Running
2025-09-24,EOL_NORMANDIE,14.67,1.6,Running
2025-12-27,EOL_PICARDIE,5.13,1.9,Running
2025-12-18,EOL_PAYS_LOIRE,5.05,1.4,Running
2025-03-29,EOL_CENTRE,2.95,0.9,Running
2025-03-06,EOL_PICARDIE,11.39,1.4,Running
2025-08-20,EOL_CENTRE,10.83,0.7,Running
2025-10-14,EOL_PAYS_LOIRE,9.09,1.3,Running
2025-07-15,EOL_BRETAGNE,16.37,0.5,Running
2025-05-08,EOL_PICARDIE,10.52,0.5,Running
2025-08-14,EOL_NORMANDIE,7.2,1.5,Running
2025-07-31,EOL_PAYS_LOIRE,5.78,1.2,Fault
2025-09-22,EOL_PAYS_LOIRE,4.79,0.7,Running
2025-02-20,EOL_BRETAGNE,9.99,0.8,Running
2025-11-29,EOL_PICARDIE,7.9,2.1,Running
2025-08-05,EOL_CENTRE,9.07,0.8,Running
2025-03-15,EOL_BRETAGNE,6.49,1.0,Running
2025-05-16,EOL_PICARDIE,12.61,1.4,Running
2025-04-09,EOL_CENTRE,8.82,1.1,Running
2025-12-06,EOL_PICARDIE,1.06,1.2,Running
2025-09-26,EOL_NORMANDIE,9.69,0.5,Running
2025-12-28,EOL_BRETAGNE,8.07,0.9,Running
2025-09-18,EOL_PICARDIE,7.59,0.6,Running
2025-04-17,EOL_PICARDIE,7.27,1.4,Running
2025-06-27,EOL_CENTRE,18.8,0.7,Brake
2025-01-14,EOL_NORMANDIE,14.61,1.0,Running
2025-11-05,EOL_NORMANDIE,3.58,0.4,Running
2025-08-11,EOL_CENTRE,9.94,1.1,Brake
2025-10-30,EOL_BRETAGNE,7.17,0.8,Running
2025-05-11,EOL_NORMANDIE,4.86,0.2,Running
2025-03-15,EOL_PICARDIE,6.78,1.8,Running
2025-04-24,EOL_PICARDIE,7.89,0.4,Running
2025-09-04,EOL_NORMANDIE,6.85,0.7,Running
2025-06-26,EOL_BRETAGNE,11.33,0.5,Running
2025-10-15,EOL_BRETAGNE,15.15,1.0,Running
2025-02-24,EOL_NORMANDIE,11.18,0.6,Maintenance
2025-09-16,EOL_NORMANDIE,8.54,1.1,Maintenance
2025-12-19,EOL_NORMANDIE,4.85,0.7,Running
2025-06-17,EOL_CENTRE,9.28,0.2,Running
2025-12-16,EOL_PICARDIE,6.8,1.1,Running
2025-03-20,EOL_CENTRE,7.18,1.1,Running
2025-04-03,EOL_CENTRE,8.93,0.3,Running
2025-08-12,EOL_PAYS_LOIRE,7.48,1.2,Duplicate
2025-05-28,EOL_BRETAGNE,6.96,0.5,Running
2025-06-09,EOL_CENTRE,7.81,0.8,Running
2025-09-29,EOL_BRETAGNE,12.76,1.3,Maintenance
2025-08-02,EOL_PAYS_LOIRE,9.48,1.0,Running
2025-03-16,EOL_CENTRE,5.76,0.9,Running
2025-09-28,EOL_PAYS_LOIRE,8.59,0.3,Brake
2025-09-21,EOL_PICARDIE,15.32,0.5,Fault
2025-02-27,EOL_CENTRE,8.63,0.3,Fault
2025-10-27,EOL_PICARDIE,6.57,1.1,Running
2025-10-01,EOL_BRETAGNE,12.2,0.4,Maintenance
2025-01-22,EOL_CENTRE,8.05,0.9,Running
2025-03-09,EOL_CENTRE,9.91,1.8,Running
2025-04-18,EOL_NORMANDIE,5.74,1.1,Maintenance
2025-01-23,EOL_BRETAGNE,8.76,0.2,Maintenance
2025-06-28,EOL_PAYS_LOIRE,6.52,1.8,Maintenance
2025-01-15,EOL_NORMANDIE,9.26,0.5,Running
2025-10-12,EOL_PAYS_LOIRE,6.67,1.1,Running
2025-09-19,EOL_CENTRE,6.45,1.8,Running
2025-03-14,EOL_BRETAGNE,5.85,0.9,Running
2025-10-22,EOL_PICARDIE,6.78,0.6,Fault
2025-10-30,EOL_NORMANDIE,8.2,0.8,Running
2025-07-16,EOL_CENTRE,7.55,0.3,Running
2025-06-22,EOL_BRETAGNE,7.63,0.7,Running
2025-09-25,EOL_PAYS_LOIRE,10.07,1.2,Fault
2025-04-12,EOL_BRETAGNE,11.59,0.2,Running
2025-04-16,EOL_PICARDIE,9.93,0.9,Running
2025-02-20,EOL_CENTRE,8.71,1.3,Running
2025-03-03,EOL_PICARDIE,7.46,0.3,Maintenance
2025-10-28,EOL_PAYS_LOIRE,6.69,0.3,Running
2025-04-17,EOL_CENTRE,9.56,1.4,Running
2025-02-07,EOL_PAYS_LOIRE,10.36,0.7,Fault
2025-06-23,EOL_NORMANDIE,11.43,0.8,Running
2025-05-04,EOL_PICARDIE,10.29,0.9,Brake
2025-01-05,EOL_PAYS_LOIRE,6.78,1.7,Running
2025-09-03,EOL_CENTRE,7.03,0.9,Running
2025-04-25,EOL_NORMANDIE,10.16,1.1,Fault
2025-09-12,EOL_PAYS_LOIRE,4.95,0.9,Brake
2025-12-16,EOL_CENTRE,15.61,0.7,Running
2025-11-04,EOL_PICARDIE,3.58,0.6,Maintenance
2025-08-16,EOL_PICARDIE,8.78,0.6,Running
2025-03-24,EOL_CENTRE,4.54,0.7,Running
2025-08-24,EOL_CENTRE,7.83,0.6,Running
2025-07-24,EOL_PAYS_LOIRE,11.83,0.5,Maintenance
2025-05-21,EOL_BRETAGNE,8.87,1.5,Running
2025-04-03,EOL_PICARDIE,7.92,0.1,Brake
2025-03-26,EOL_PICARDIE,14.16,0.2,Fault
2025-05-02,EOL_PICARDIE,7.37,1.0,Running
2025-07-01,EOL_NORMANDIE,4.58,0.4,Running
2025-01-28,EOL_NORMANDIE,10.14,0.6,Running
2025-08-13,EOL_BRETAGNE,7.22,1.8,Maintenance
2025-03-27,EOL_PICARDIE,6.35,0.5,Running
2025-10-22,EOL_CENTRE,12.86,0.4,Running
2025-03-10,EOL_PICARDIE,10.16,0.9,Running
2025-12-20,EOL_BRETAGNE,7.49,0.7,Fault
2025-09-20,EOL_PAYS_LOIRE,3.89,0.4,Running
2025-07-03,EOL_NORMANDIE,6.67,0.5,Running
2025-04-19,EOL_CENTRE,11.33,0.7,Running
2025-06-13,EOL_BRETAGNE,10.33,0.4,Running
2025-10-27,EOL_PAYS_LOIRE,10.18,1.3,Running
2025-05-06,EOL_PAYS_LOIRE,8.99,1.3,Maintenance
2025-10-11,EOL_PICARDIE,7.17,0.7,Running
2025-05-22,EOL_PICARDIE,14.86,1.1,Running
2025-01-24,EOL_NORMANDIE,11.83,0.6,Brake
2025-04-21,EOL_CENTRE,8.9,0.6,Running
2025-03-28,EOL_PICARDIE,5.82,1.5,Running
2025-04-21,EOL_BRETAGNE,7.03,0.7,Running
2025-03-15,EOL_NORMANDIE,4.67,0.7,Running
2025-07-05,EOL_NORMANDIE,12.14,0.5,Running
2025-10-20,EOL_PAYS_LOIRE,8.11,1.1,Running
2025-10-20,EOL_CENTRE,7.98,0.9,Running
2025-11-22,EOL_BRETAGNE,7.04,1.0,Brake
2025-06-13,EOL_PAYS_LOIRE,7.88,0.8,Running
2025-06-02,EOL_CENTRE,4.32,0.8,Running
2025-10-31,EOL_PICARDIE,5.68,0.8,Maintenance
